,USGS-01434000,USGS-01531000,USGS-04235500,USGS-04236500
1900-01-31,0.0,0.0,0.0,14.087631179520002
1900-02-28,0.0,0.0,0.0,22.817714983833604
1900-03-31,0.0,0.0,0.0,12.768066128332801
1900-04-30,0.0,0.0,0.0,7.707845642342401
1900-05-31,0.0,0.0,0.0,16.3274937449472
1900-06-30,0.0,0.0,0.0,29.149361881804804
1900-07-31,0.0,0.0,0.0,40.609189697587205
1900-08-31,0.0,0.0,0.0,60.654685400064004
1900-09-30,0.0,0.0,0.0,57.2453370703872
1900-10-31,0.0,0.0,0.0,81.9801025684992
1900-11-30,0.0,0.0,0.0,70.2710865027072
1900-12-31,0.0,0.0,0.0,44.2422411153408
1901-01-31,0.0,0.0,0.0,31.604432481331205
1901-02-28,0.0,0.0,0.0,25.371894546432003
1901-03-31,0.0,0.0,0.0,37.86245557816321
1901-04-30,0.0,0.0,0.0,75.06229694607362
1901-05-31,0.0,0.0,0.0,105.08948107223041
1901-06-30,0.0,0.0,0.0,147.42316672727043
1901-07-31,0.0,0.0,0.0,112.67839595888643
1901-08-31,0.0,0.0,0.0,83.75556884981762
1901-09-30,0.0,0.0,0.0,70.87423533511681
1901-10-31,0.0,0.0,0.0,86.71184763402242
1901-11-30,0.0,0.0,0.0,87.49905596928001
1901-12-31,0.0,0.0,0.0,72.37219651983361
1902-01-31,0.0,0.0,0.0,62.49528042854401
1902-02-28,0.0,0.0,0.0,55.9286037038592
1902-03-31,0.0,0.0,0.0,67.72257030942721
1902-04-30,0.0,0.0,0.0,63.75538010188801
1902-05-31,0.0,0.0,0.0,65.79702474117121
1902-06-30,0.0,0.0,0.0,66.0150644599296
1902-07-31,0.0,0.0,0.0,87.95212551475201
1902-08-31,0.0,0.0,0.0,131.22026710732803
1902-09-30,0.0,0.0,0.0,108.25530452121602
1902-10-31,0.0,0.0,0.0,102.56361835622403
1902-11-30,0.0,0.0,0.0,95.73359495823362
1902-12-31,0.0,0.0,0.0,74.66586109378562
1903-01-31,0.0,0.0,0.0,70.46080937487362
1903-02-28,0.0,0.0,0.0,64.84841038033922
1903-03-31,0.0,0.0,0.0,80.65770583265281
1903-04-30,0.0,0.0,0.0,127.32386901626882
1903-05-31,0.0,0.0,0.0,101.99728142438401
1903-06-30,0.0,0.0,0.0,92.52246455470082
1903-07-31,0.0,0.0,0.0,98.27644778219522
1903-08-31,0.0,0.0,0.0,94.94638662297602
1903-09-30,0.0,778.8548655129601,0.0,96.47549633894401
1903-10-31,0.0,3497.2438214983686,0.0,107.63233389619202
1903-11-30,0.0,1922.7705172899844,0.0,96.16401102643202
1903-12-31,0.0,664.1433199687681,0.0,80.31224030423041
1904-01-31,0.0,0.0,0.0,82.13018185543682
1904-02-29,0.0,0.0,0.0,69.18088790891521
1904-03-31,0.0,7815.449659392001,0.0,84.68719310269441
1904-04-30,0.0,5648.9277266380805,0.0,99.84520108339201
1904-05-31,0.0,4337.574560962561,0.0,111.51174187929603
1904-06-30,0.0,2616.3350408678402,0.0,97.47224933898241
1904-07-31,0.0,720.4372109936642,0.0,85.13176759418882
1904-08-31,0.0,406.71486760089607,0.0,100.36623106068481
1904-09-30,0.0,227.07279282124804,0.0,95.37113932185602
1904-10-31,5762.195113006081,575.9646596812801,0.0,91.54836503193602
1904-11-30,3145.1521509734403,295.17480887500807,0.0,78.81427911951361
1904-12-31,3695.9148171878405,689.1470955095041,0.0,69.2856602413056
1905-01-31,7619.213912509441,869.3555072209922,0.0,70.69867088624642
1905-02-28,2092.04862621696,0.0,0.0,56.35618808739841
1905-03-31,15834.780614246401,8297.685556853761,0.0,53.368760771942405
1905-04-30,7930.132888089601,2787.7935469824006,0.0,30.449105140377608
1905-05-31,2510.0052819148805,639.3943960473601,0.0,49.35909529451521
1905-06-30,1948.1990455296002,2517.1411272560645,0.0,58.66401108464641
1905-07-31,1260.3828418099201,913.5581047511041,0.0,53.98323634298881
1905-08-31,1541.2859600025602,546.1753370664961,0.0,55.14139536860161
1905-09-30,4982.349157862401,331.36373881958406,0.0,65.19104422410241
1905-10-31,3120.7996629043205,431.3222072893441,0.0,80.90123071334402
1905-11-30,2505.7577549260805,492.2034274621441,0.0,76.01940636088321
1905-12-31,7276.296900280321,2549.9037187630083,0.0,44.95582564945921
1906-01-31,5221.060174632961,2017.0372995947523,0.0,27.070905341952002
1906-02-28,3944.8198987315204,0.0,0.0,24.352488069120003
1906-03-31,7862.172456268801,3223.6181328798725,0.0,27.354073807872005
1906-04-30,14585.724511073282,5129.030423208961,0.0,29.789322614784005
1906-05-31,4235.633913231361,2353.41312026112,0.0,61.19270548531201
1906-06-30,5754.549564426241,2365.4477800627205,0.0,57.62478281472001
1906-07-31,2879.5401299404803,794.5707153715201,0.0,58.89904091136001
1906-08-31,2358.7933211136,855.7351040102401,0.0,67.790530741248
1906-09-30,1190.4402307276803,173.27078429644803,0.0,58.077852360192004
1906-10-31,2798.5539486873604,986.6438858050561,0.0,50.772105939456004
1906-11-30,4713.339115238401,1660.868003160576,0.0,49.384580456448006
1906-12-31,4072.2457083955205,1830.7973995591683,0.0,48.846560371200006
1907-01-31,8605.77284777472,4384.014189373441,0.0,44.986974180710405
1907-02-28,1966.3218273484804,771.0677327001601,0.0,32.105640666009606
1907-03-31,9721.173435033601,3733.2930546892803,0.0,37.548138580992
1907-04-30,5460.054359869441,3215.6610989875207,0.0,12.759571074355202
1907-05-31,4481.140973184,2065.3741567272964,0.0,22.608170319052803
1907-06-30,2765.1400697088,935.5036608599041,0.0,27.682549228339205
1907-07-31,1337.6878330060802,793.2681404282881,0.0,36.817563938918404
1907-08-31,522.7289880883201,142.17888673843203,0.0,33.9037604246016
1907-09-30,1555.5859675315203,181.51098665472003,0.0,44.69814234547201
1907-10-31,4508.32514591232,742.014648096768,0.0,48.614362229145605
1907-11-30,9040.153274496,1963.3485584563202,0.0,47.92626285696001
1907-12-31,11124.273183667201,4096.768097544193,0.0,49.05044166666241
1908-01-31,5852.80902210048,2107.4813076096,0.0,49.73854103884801
1908-02-29,7121.970086353921,2952.0312572160005,0.0,46.23574711541761
1908-03-31,14425.451159362561,9007.02256398336,0.0,74.65453435514881
1908-04-30,9303.216779335682,3257.5700319436805,0.0,88.02008594657282
1908-05-31,9399.210889282562,5282.790900203521,0.0,115.95748679424001
1908-06-30,1692.4979208038403,912.1988961146882,0.0,79.02099209963521
1908-07-31,1029.6005420851202,671.39243269632,0.0,77.94495192913921
1908-08-31,509.13690172416005,291.55025251123203,0.0,80.7228345798144
1908-09-30,303.5565954662401,97.24005119692802,0.0,68.32288745717761
1908-10-31,1132.8154479129603,170.07098063155203,0.0,0.0
1908-11-30,1584.8939037542402,164.32266077337601,0.0,0.0
1908-12-31,1466.52948499968,119.92184531712002,0.0,0.0
1909-01-31,7923.620013373441,2000.1038253327363,0.0,0.0
1909-02-28,12875.670145382403,4211.28142516224,0.0,0.0
1909-03-31,8094.370598323201,2718.27568859904,0.0,0.0
1909-04-30,9481.329744399362,4516.25386295808,0.0,0.0
1909-05-31,9852.28043475456,5413.784632538113,0.0,0.0
1909-06-30,3410.7641720064007,2154.2890550261764,0.0,0.0
1909-07-31,906.2806751769601,241.57101827635202,0.0,0.0
1909-08-31,652.8448981785601,114.03194122598401,0.0,0.0
1909-09-30,476.5725281433601,111.73827665203201,0.0,0.0
1909-10-31,476.7141123763201,139.57373685196802,0.0,0.0
1909-11-30,454.20221933568007,132.126406198272,0.0,0.0
1909-12-31,1124.8867308672002,172.22306097254403,0.0,0.0
1910-01-31,5513.573199928321,1772.4930124262403,0.0,0.0
1910-02-28,3081.4392461414404,814.8455775313921,0.0,0.0
1910-03-31,17296.49623532544,9296.703904619522,0.0,0.0
1910-04-30,7644.699074442241,5489.4189297853445,0.0,0.0
1910-05-31,4958.279838259201,3724.3732480128006,0.0,0.0
1910-06-30,3428.6037853593607,1018.3304371415041,0.0,0.0
1910-07-31,843.8420284416002,255.19142148710404,0.0,0.0
1910-08-31,622.68745655808,115.39114986240001,0.0,0.0
1910-09-30,656.8092567014401,173.129200063488,0.0,0.0
1910-10-31,442.59231223296007,133.31571375513602,0.0,0.0
1910-11-30,1293.93830502144,223.84467230976003,0.0,0.0
1910-12-31,1244.5254077184002,173.46900222259202,0.0,0.0
1911-01-31,6324.567686323201,2853.0638783769605,0.0,0.0
1911-02-28,2003.7000648499202,1101.5253324288,0.0,0.0
1911-03-31,6565.544050821121,3028.7699114803204,0.0,0.0
1911-04-30,11487.295156976641,3920.1842421964807,0.0,0.0
1911-05-31,2686.9855731148805,830.4481600035841,0.0,0.0
1911-06-30,5616.646521523201,614.6171552793601,0.0,0.0
1911-07-31,989.6737883904001,114.48501077145602,0.0,0.0
1911-08-31,791.3142780134401,196.34901426892802,0.0,0.0
1911-09-30,1867.7792012083203,429.6515133404161,0.0,0.0
1911-10-31,6030.638818698241,1181.1523050455041,0.0,0.0
1911-11-30,4863.98473910784,804.4532948321281,0.0,0.0
1911-12-31,5667.05050845696,1863.2485057536003,0.0,0.0
1912-01-31,2541.1538131660805,618.43992956928,0.0,0.0
1912-02-29,2576.8330398720004,1228.1016366950403,0.0,0.0
1912-03-31,12458.846163548162,7157.649313059841,0.0,0.0
1912-04-30,15501.774498324483,7584.384191201281,0.0,0.0
1912-05-31,6144.189373532161,3367.4393967206406,0.0,0.0
1912-06-30,1618.4493669657602,595.7581354490881,0.0,0.0
1912-07-31,619.7141876659201,238.79596731033604,0.0,0.0
1912-08-31,1370.5353750528002,251.65181566310403,0.0,0.0
1912-09-30,1967.4545012121603,1865.5138534809603,0.0,0.0
1912-10-31,3489.7681739980803,1142.0750567485443,0.0,0.0
1912-11-30,4043.6456933376007,1428.1601578675202,0.0,0.0
1912-12-31,5782.300074086401,1836.9138384230403,0.0,0.0
1913-01-31,13059.729648230401,6340.425120414721,0.0,0.0
1913-02-28,2719.8331151616003,250.03775540736004,0.0,0.0
1913-03-31,13684.682452515843,6827.3332975641615,0.0,0.0
1913-04-30,7591.1802343833615,4172.770513797121,580.8917909882881,0.0
1913-05-31,3772.3703029862404,2240.85365505792,143.67967960780803,0.0
1913-06-30,2246.9417770752,710.5546315330561,114.99471401011202,0.0
1913-07-31,520.4636403609601,278.552819925504,107.40579912345602,0.0
1913-08-31,484.9259978880001,125.21709562982402,82.06222142361601,0.0
1913-09-30,612.7765602508802,121.81907403878402,70.79211648,0.0
1913-10-31,1895.8695130275844,986.5306184186882,65.355281934336,0.0
1913-11-30,5702.446566696961,2284.8863515084804,65.97825255936002,0.0
1913-12-31,3185.0789046681602,762.2895102566401,88.88658145228801,0.0
1914-01-31,1989.5416415539203,0.0,148.72007830118403,0.0
1914-02-28,3830.703006965761,0.0,224.58091032115203,0.0
1914-03-31,10218.700429655042,7225.609744880641,369.44989748582407,0.0
1914-04-30,17743.336074547202,8912.727464832002,1141.0839671178242,0.0
1914-05-31,7212.867163914241,7150.853269877761,359.51068433203204,0.0
1914-06-30,1482.3869190912003,632.6833034050561,134.16521915289601,0.0
1914-07-31,1702.4088171110402,373.81069186099205,163.75632384153602,0.0
1914-08-31,1369.3177506493441,896.9644326481921,134.92977401088,0.0
1914-09-30,701.6348248565761,565.034356896768,242.22230574796805,0.0
1914-10-31,471.87193160908805,210.22426909900804,132.2481686386176,0.0
1914-11-30,582.9589207895041,347.56097507020803,110.44136507811842,0.0
1914-12-31,1230.0838159564803,195.27297409843203,94.58393098659842,0.0
1915-01-31,9510.212927923201,4447.443925739521,312.78505577057285,0.0
1915-02-28,9576.757517414402,8001.208173035521,473.8541108705281,0.0
1915-03-31,3659.6692535500806,2376.0665975347206,372.7912853836801,0.0
1915-04-30,5301.763187420161,2987.1441469900806,164.605829239296,0.0
1915-05-31,3475.8929191680004,1394.3215261900802,164.97394824499202,0.0
1915-06-30,1501.3592063078402,372.45148322457607,123.36800554736642,0.0
1915-07-31,5681.492100218881,4659.253938247681,248.39537830502405,0.0
1915-08-31,5008.966993658881,3922.4495899238404,293.475798079488,0.0
1915-09-30,3023.9560475596804,738.8431612784641,310.63580711424004,0.0
1915-10-31,2552.7637202688,1982.7172815252484,440.21369711923205,0.0
1915-11-30,2762.0252165836805,1126.557424816128,273.62568861849604,0.0
1915-12-31,5392.660264980481,1132.5889131402241,263.09182168627206,0.0
1916-01-31,9658.310035599361,3893.7929411727364,440.52518243174404,0.0
1916-02-29,6320.036990868481,1127.0954449013761,269.40647847628804,0.0
1916-03-31,6206.2032675686405,6043.183181738497,289.45480586342404,0.0
1916-04-30,17573.4349949952,12069.772691374083,839.5095509130241,0.0
1916-05-31,5477.610804756481,3408.4988242790405,471.5038126033921,0.0
1916-06-30,5152.2502374144005,7941.176458260481,348.97681739980806,0.0
1916-07-31,4749.8678473420805,893.3681931310082,181.31276872857603,0.0
1916-08-31,1896.3792162662403,290.53084603392006,103.89451014604802,0.0
1916-09-30,1447.6987820160002,311.65521359155207,93.13410844108802,0.0
1916-10-31,1739.3623019136003,488.43728686540805,74.05704889205761,0.0
1916-11-30,1724.7791259187202,465.07588842700807,67.45356026680321,0.0
1916-12-31,3980.4991254374404,426.5366602152961,82.65970688670721,0.0
1917-01-31,5087.40465871872,727.4597889484801,110.48100866334723,0.0
1917-02-28,1766.9712273408004,711.0360179251202,130.28581116979203,0.0
1917-03-31,11859.095352729602,4155.497237376001,313.863927625728,0.0
1917-04-30,8802.858100055042,2759.7598688563203,543.0321670947841,0.0
1917-05-31,4308.12504050688,2441.9032658611204,305.28392310835204,0.0
1917-06-30,9103.299842396162,4873.329298483201,588.5373395681281,0.0
1917-07-31,4204.485381980161,3562.8256382054406,411.58536521472007,0.0
1917-08-31,2212.11205576704,3031.3184276736006,197.65158921216002,0.0
1917-09-30,1254.4363040256003,1508.5516853422082,182.98346267750404,0.0
1917-10-31,4136.100197460481,4938.88279834368,235.22804463974404,0.0
1917-11-30,4855.7728535961605,1664.1810742118403,331.44868935936006,0.0
1917-12-31,1798.1197585920004,787.7746721894401,200.73812549068802,0.0
1918-01-31,1134.0897060096001,481.95272899584006,152.995922136576,0.0
1918-02-28,6320.320159334401,4080.7407623731206,141.24443080089603,0.0
1918-03-31,12505.285791959042,8342.426174469121,549.3468238848001,0.0
1918-04-30,9125.953319669761,5735.860445675521,404.5344704133121,0.0
1918-05-31,4500.962765798401,2263.9318850304003,268.58528992512004,0.0
1918-06-30,2936.1738231244804,1379.3702311895042,209.71456586035202,0.0
1918-07-31,1200.7758797337601,334.05383924582407,164.49256185292802,0.0
1918-08-31,552.235142237184,244.31775239577604,159.84859901184004,0.0
1918-09-30,1390.8951877524482,790.6063568486401,120.48818224896002,0.0
1918-10-31,2961.0926481254405,1481.6506810798082,119.24224099891202,0.0
1918-11-30,2772.5024498227203,1591.5483627033602,128.50184983449603,0.0
1918-12-31,4562.693491368961,1431.27501099264,179.67039162624002,0.0
1919-01-31,4685.588605578241,1505.0403963648002,259.43894847590406,0.0
1919-02-28,2029.1852267827203,620.8751783761921,150.87215864217603,0.0
1919-03-31,8174.507274178561,3278.8076668876806,256.83379858944005,0.0
1919-04-30,7870.384341780481,4132.56059163648,546.6000897653761,0.0
1919-05-31,6655.308454517761,10091.557788456961,517.4903714688,0.0
1919-06-30,1909.1217972326403,1285.01849834496,164.12444284723202,0.0
1919-07-31,2462.00822694144,810.6546842357761,151.74998088652802,0.0
1919-08-31,2431.2844483891204,676.9991683215361,153.73216014796802,0.0
1919-09-30,1599.0523270502404,334.8750277969921,120.31544948474883,0.0
1919-10-31,1756.4939941017603,383.97643978752006,106.92441273139201,0.0
1919-11-30,7351.336543749121,1821.1979885644803,128.98323622656002,0.0
1919-12-31,5121.668043095041,969.8519957760001,123.60303537408002,0.0
1920-01-31,1313.9016818688,238.42784830464004,130.96541548800002,0.0
1920-02-29,1093.0302784512003,316.01600796672005,105.53688724838402,0.0
1920-03-31,18615.494949580803,8748.20658613248,728.9605818178561,0.0
1920-04-30,11485.596146181122,2295.3635847475202,492.3733285416961,0.0
1920-05-31,4371.837945338881,1451.9463090048002,219.56882847436802,0.0
1920-06-30,2960.8094796595205,448.59548371046407,148.60681091481604,0.0
1920-07-31,4494.733059548161,1381.7205294566402,113.23906952140801,0.0
1920-08-31,3218.7759521126404,1023.9088559201282,63.65627113881601,0.0
1920-09-30,3520.3503683174404,447.2645919206401,61.64577503078401,0.0
1920-10-31,5650.060400501761,767.1600078704641,106.89609588480002,0.0
1920-11-30,7234.104798858241,1464.6605731246082,98.31609136742402,0.0
1920-12-31,11249.150477137922,2570.03699668992,369.44989748582407,0.0
1921-01-31,3708.0910612224006,900.4757216256002,241.11794873088004,0.0
1921-02-28,2554.7458995302404,1727.6108105779203,172.08147673958402,0.0
1921-03-31,16055.935186129922,5804.670382894081,502.00105638297606,0.0
1921-04-30,6684.474806507521,2335.57350690816,258.39122515200006,0.0
1921-05-31,4609.133119779841,1446.8492766182403,220.50328441190402,0.0
1921-06-30,1078.3055182233602,333.88393816627206,134.42007077222402,0.0
1921-07-31,1906.8564495052804,389.21505640704004,127.79392866969602,0.0
1921-08-31,1472.3344385510402,272.40806421504004,115.13629824307202,0.0
1921-09-30,841.8315323335681,328.16393515468803,78.94736829849602,0.0
1921-10-31,1611.7949080166402,274.39024347648007,50.53990779740161,0.0
1921-11-30,7176.338431810561,3361.7760274022403,80.10835900876802,0.0
1921-12-31,7003.322499133441,1853.0544409804802,166.04998841548803,0.0
1922-01-31,2113.2862611609603,1004.6817170841601,172.42127889868803,0.0
1922-02-28,4992.260054169601,2629.5023745331205,294.32530347724804,0.0
1922-03-31,12714.264119808002,5640.715841126401,592.020311698944,0.0
1922-04-30,11124.273183667201,4919.76892689408,626.2836960752641,0.0
1922-05-31,4259.986401300481,1183.5309201592322,200.25673909862402,0.0
1922-06-30,7717.756538649601,4213.858258202113,683.5686767308802,0.0
1922-07-31,3599.9207072409604,1498.357620569088,398.78615055513603,0.0
1922-08-31,1700.7098063155204,637.8086526382081,268.95340893081607,0.0
1922-09-30,1347.3155608473603,619.2044844272641,233.47240015104003,0.0
1922-10-31,1024.6167770849281,322.16076367718404,152.82602105702404,0.0
1922-11-30,737.6821705681922,237.23854074777603,110.23748378265601,0.0
1922-12-31,977.3559601228801,345.01245887692806,115.27788247603202,0.0
1923-01-31,3948.7842572544005,1005.5312224819202,167.49414759168002,0.0
1923-02-28,2118.1001250816003,856.5846094080001,228.91338784972803,0.0
1923-03-31,12634.976949350403,6869.100646287361,606.0654676085761,0.0
1923-04-30,10141.678606924801,2670.2786336256004,495.51649851340807,0.0
1923-05-31,6751.585732930561,1869.9029647027203,265.83855580569605,0.0
1923-06-30,2213.2447296307205,481.0182730583041,185.50366202419204,0.0
1923-07-31,922.7044462003201,234.40685608857603,178.42445037619203,0.0
1923-08-31,1003.8322116864001,134.50502131200003,149.03156361369602,0.0
1923-09-30,1643.7929446656003,127.36917597081602,83.90281645209602,0.0
1923-10-31,1690.2325730764803,218.43615461068802,68.073699207168,0.0
1923-11-30,2253.1714833254405,276.00430373222406,69.54617522995201,0.0
1923-12-31,7373.423684090881,1656.1107729331202,112.61609889638402,0.0
1924-01-31,8948.40669153792,3277.1086560921603,316.80887967129604,0.0
1924-02-29,1460.0166102835203,740.3439541478401,193.99871600179202,0.0
1924-03-31,4022.4080583936006,3392.0750532556804,187.74069290496004,0.0
1924-04-30,14601.298776698883,7518.972275573761,602.0444753925121,0.0
1924-05-31,9172.676116546561,5259.854254464,388.73367001497604,0.0
1924-06-30,2564.6567958374403,1070.65996964352,169.95771324518404,0.0
1924-07-31,1558.5592364236802,763.4221841203201,138.72423145420802,0.0
1924-08-31,848.7408429020162,283.14014907340805,153.562259068416,0.0
1924-09-30,1349.2977401088,766.9334730977281,135.83591310182402,0.0
1924-10-31,6551.244043292161,1715.8876360888323,124.25432284569602,0.0
1924-11-30,1638.4693775063042,236.36071850342404,128.756701453824,0.0
1924-12-31,2601.18552794112,445.99033382400006,136.60046795980801,0.0
1925-01-31,1144.0006023168003,217.19021336064003,129.861058470912,0.0
1925-02-28,9862.191331061762,6306.444904504321,510.21294189465607,0.0
1925-03-31,7746.356553707521,3209.4313927372805,504.9743252751361,0.0
1925-04-30,6079.060626370561,2109.88823956992,333.28928438784004,0.0
1925-05-31,4304.44385044992,2102.5258594560005,257.79657137356804,0.0
1925-06-30,1673.6672178201602,482.12263007539207,165.25711671091202,0.0
1925-07-31,3110.8887665971206,584.6296147384321,164.2377102336,0.0
1925-08-31,2307.2566603161604,398.81446740172805,177.74484605798403,0.0
1925-09-30,2961.4607671311364,361.40791305369606,176.21573634201602,0.0
1925-10-31,2622.7063313510403,1081.080569189376,139.63037054515203,0.0
1925-11-30,7842.067495188481,2554.4627310643205,210.59238810470404,0.0
1925-12-31,5800.13968743936,1914.3604138521603,329.01344055244806,0.0
1926-01-31,3501.9444180326404,1624.5374889830402,219.00249154252805,0.0
1926-02-28,4070.5466976000007,1506.7394071603203,202.18228466688004,0.0
1926-03-31,7976.5725165004815,6147.587395123201,362.54058691737606,0.0
1926-04-30,11408.857491916802,4673.412361543681,680.6237246853121,0.0
1926-05-31,3270.5957813760006,835.9133113958401,264.19617870336003,0.0
1926-06-30,1934.0406222336003,527.8260204748801,152.11809989222402,0.0
1926-07-31,953.2866405196802,216.62387642880003,134.53333815859202,0.0
1926-08-31,3026.7310985256963,708.2043332659201,80.87291386675201,0.0
1926-09-30,1887.0346568908803,688.6657091174401,107.74560128256002,0.0
1926-10-31,4465.849876024321,1352.7523953930242,204.44763239424003,0.0
1926-11-30,10177.357833630722,4741.93913029632,493.3361013258241,0.0
1926-12-31,3283.9046992742406,836.7628167936001,343.28513123481605,0.0
1927-01-31,4170.505166069761,2161.1417319014404,239.02250208307203,0.0
1927-02-28,5141.773004175361,3733.2930546892803,345.29562734284804,0.0
1927-03-31,15289.114980418562,7962.980430136321,664.7946074403841,0.0
1927-04-30,4525.032085401601,2967.3223543756803,288.15223092019204,0.0
1927-05-31,8110.794369346561,5324.133496227841,323.83145762611207,0.0
1927-06-30,2940.4213501132804,1006.5223121126402,219.22902631526404,0.0
1927-07-31,1380.2197365872642,361.63444782643205,136.00581418137602,0.0
1927-08-31,3205.7502026803204,434.38042672128006,153.61889276160002,0.0
1927-09-30,4800.271834275841,175.25296355788802,133.37234744832003,0.0
1927-10-31,11021.483030538242,2161.396583520768,125.30204616960002,0.0
1927-11-30,13550.177431203841,7752.869428423682,428.8020079426561,0.0
1927-12-31,13376.878330060803,7682.360480409601,925.6493982458882,0.0
1928-01-31,4628.954912394241,1416.8334192307202,364.15464717312005,0.0
1928-02-29,5822.793164712961,2372.3854074777605,283.31005015296006,0.0
1928-03-31,5902.929840568321,4539.6152613964805,299.16748424448,0.0
1928-04-30,11197.613816340481,5584.082147942401,365.28732103680005,0.0
1928-05-31,9744.393249239041,3680.9068884940807,303.72649654579203,0.0
1928-06-30,10090.425114593281,3899.2297757184006,193.57396330291203,0.0
1928-07-31,8874.782890398721,1689.6662361446402,178.25454929664002,0.0
1928-08-31,5034.452155591681,1048.9975820006403,192.44128943923204,0.0
1928-09-30,3176.8670191564806,251.08547873126403,114.65491185100802,0.0
1928-10-31,1511.8364395468802,242.42052367411205,102.84678682214401,0.0
1928-11-30,1204.3154855577602,585.4791201361921,124.70739239116801,0.0
1928-12-31,2130.8427060480003,1251.1798666675202,136.20403210752002,0.0
1929-01-31,2907.5738080665606,1094.4461207808001,140.93294548838404,0.0
1929-02-28,2658.66872652288,1359.7749733478402,152.14641673881601,0.0
1929-03-31,13019.236557603843,7956.467555420161,717.2940410219521,0.0
1929-04-30,14967.435603133443,10635.524411489281,908.8291913702401,0.0
1929-05-31,8225.194429578241,5293.268133442561,744.2516789775361,0.0
1929-06-30,2193.98927394816,903.1375052052481,162.25553097216002,0.0
1929-07-31,1455.0611621299201,570.1880229765121,116.26897210675202,0.0
1929-08-31,978.2054655206401,217.64328290611203,148.57849406822402,0.0
1929-09-30,971.3527886453761,175.56444887040004,140.42324224972802,0.0
1929-10-31,2748.4331302195205,1396.6718244572162,176.35732057497603,0.0
1929-11-30,4273.57848766464,1616.1557023918083,199.09574838835204,0.0
1929-12-31,5908.593209886721,1779.2041050685443,226.25160427008004,0.0
1930-01-31,5533.678161008641,4116.9863260108805,468.9836132567041,0.0
1930-02-28,4636.317292508161,2062.31593729536,236.58725327616003,0.0
1930-03-31,8509.212400896002,6531.847003376641,565.8838622945281,0.0
1930-04-30,5119.402695367681,3200.6531702937605,349.11840163276804,0.0
1930-05-31,2623.27266828288,1804.9158017740804,169.27810892697602,0.0
1930-06-30,3502.5107549644804,1662.0289938708484,389.13010586726404,0.0
1930-07-31,1565.9216165376001,600.2605140572161,257.598353447424,0.0
1930-08-31,1103.4225611504642,145.54859148288003,147.55908759091201,0.0
1930-09-30,1117.0429643612163,118.93075568640002,115.44778355558402,0.0
1930-10-31,750.9910884664321,109.01985937920001,75.46439616768001,0.0
1930-11-30,893.7363121367041,97.26836804352001,51.08359125196801,0.0
1930-12-31,1386.6759776102401,161.37770872780803,62.77844889446401,0.0
1931-01-31,993.9213153792001,182.10564043315202,65.38359878092801,0.0
1931-02-28,1405.0819278950403,459.44083595520004,82.45865727590402,0.0
1931-03-31,6721.853044008961,3394.8501042216967,242.87359321958405,0.0
1931-04-30,10405.591617162241,4409.2161828403205,567.8943584025601,0.0
1931-05-31,8247.84790685184,4505.776629719041,372.5647506109441,0.0
1931-06-30,3819.3762683289606,1557.3699288668163,265.27221887385605,0.0
1931-07-31,6056.407149096961,961.6401102643201,149.059880460288,0.0
1931-08-31,1700.5965389291523,521.0299772928001,135.38284355635201,0.0
1931-09-30,1041.153815494656,326.49324120576006,68.866570911744,0.0
1931-10-31,861.7949091809281,141.86740142592004,55.38775193395201,0.0
1931-11-30,1146.0110984248322,196.20743003596803,47.99705497344001,0.0
1931-12-31,3131.5600646092803,1402.3351937756163,85.00717346918401,0.0
1932-01-31,7443.649463639041,3319.0742227415044,206.79793066137603,0.0
1932-02-29,6003.737814435841,2688.1182469785604,483.73669033113606,0.0
1932-03-31,4009.6654774272006,2504.4834968294404,317.71501876224005,0.0
1932-04-30,11805.576512670721,6536.944035763201,738.3900917329921,0.0
1932-05-31,4638.016303303681,4642.830167224321,389.13010586726404,0.0
1932-06-30,3764.4415859404808,459.38420226201606,135.07135824384002,0.0
1932-07-31,2190.02491542528,280.61994972672005,121.50758872627202,0.0
1932-08-31,1215.5006399616002,129.69115739136004,131.02204918118403,0.0
1932-09-30,803.1790367354881,82.68519204864002,93.70044537292802,0.0
1932-10-31,5213.301358666753,445.7637990512641,72.094691423232,0.0
1932-11-30,9758.834841000962,2514.1395415173124,91.15192917964802,0.0
1932-12-31,2824.0391106201605,698.4067043450881,100.92124125388801,0.0
1933-01-31,4470.663739944961,839.9343036119042,148.74839514777602,0.0
1933-02-28,3076.3422137548805,459.52578649497605,100.12836954931201,0.0
1933-03-31,7878.5962272921615,4913.0578342517765,273.31420330598405,0.0
1933-04-30,11980.29145614336,4983.198663260161,587.0082298521601,0.0
1933-05-31,3358.9443427430406,2752.9638256742405,224.26942500864004,0.0
1933-06-30,1710.1109993840644,895.3786892390401,142.12225304524802,0.0
1933-07-31,1022.9177662894082,618.5248801090561,115.67431832832003,0.0
1933-08-31,6856.697867480065,2164.8229219584005,85.74341148057601,0.0
1933-09-30,6945.556132085761,1174.3562618634242,69.65944261632,0.0
1933-10-31,3143.7363086438404,430.72755351091206,46.949331649536006,0.0
1933-11-30,3402.8354549606406,805.8691371617282,42.418636194816,0.0
1933-12-31,4065.166496747521,1409.8957918156802,92.82262312857601,0.0
1934-01-31,5988.729885742081,2368.1378804889605,184.99395878553602,0.0
1934-02-28,2041.9278077491203,259.09914631680005,170.46741648384003,0.0
1934-03-31,5991.844738867201,3563.3919751372805,231.94329043507204,0.0
1934-04-30,9725.987298954242,4478.02612005888,460.3752918927361,0.0
1934-05-31,3450.6909257011207,579.2777307325441,194.81990455296003,0.0
1934-06-30,1634.2218505175042,324.51106194432003,128.53016668108802,0.0
1934-07-31,2022.4458172938243,140.536509636096,93.92698014566402,0.0
1934-08-31,1583.9311309701122,206.42981165568003,62.920033127424006,0.0
1934-09-30,4564.392502164481,628.4924101094401,38.624178751488,0.0
1934-10-31,3974.2694191872006,345.32394418944006,31.375066023936004,0.0
1934-11-30,4823.774816947201,931.7092034165762,39.21883252992001,0.0
1934-12-31,7288.756312780801,1155.5538757263362,155.65770571622403,0.0
1935-01-31,6650.494590597121,2319.9992412825604,317.48848398950406,0.0
1935-02-28,2510.2884503808004,1058.4837256089602,264.592614555648,0.0
1935-03-31,10279.015312896001,5243.147314974721,392.21664214579204,0.0
1935-04-30,6517.405411614721,5193.026496506881,579.674166584832,0.0
1935-05-31,5624.292070103041,3082.9400390108167,465.8404432849921,0.0
1935-06-30,2154.9120256512,630.8710252231681,161.68919404032002,0.0
1935-07-31,5096.182881162241,5166.238759630849,411.16061251584006,0.0
1935-08-31,1756.7771625676803,1155.582192572928,255.78607526553603,0.0
1935-09-30,1241.6937230592002,428.4338889369601,114.42837707827202,0.0
1935-10-31,1493.1473207961603,527.372950929408,78.26776398028801,0.0
1935-11-30,8945.2918384128,1583.5063782712323,98.48599244697601,0.0
1935-12-31,4840.764924902401,1675.6210802350083,248.02725929932805,0.0
1936-01-31,3861.0020328192004,791.7390307123201,263.601524924928,0.0
1936-02-29,2055.8030625792003,832.7984582707202,203.90961230899202,0.0
1936-03-31,24989.617117440004,18351.865107809284,1028.1846997555201,0.0
1936-04-30,10509.231275688962,4491.051869491201,698.0669021859841,0.0
1936-05-31,3108.6234188697604,1398.7106374118403,338.18809884825606,0.0
1936-06-30,2198.23680093696,532.0169137704961,175.28128040448001,0.0
1936-07-31,1270.9450255887361,176.49890480793601,108.56678983372802,0.0
1936-08-31,1386.3361754511361,532.4983001625601,48.78992667801601,0.0
1936-09-30,1073.0102679106562,238.20131353190405,27.835460199936005,0.0
1936-10-31,1796.3641141032963,419.57071595366403,25.740013552128005,0.0
1936-11-30,4071.9625399296006,1844.9841397017603,23.927735370240004,0.0
1936-12-31,5278.543373214721,1726.1949682483203,113.23906952140801,0.0
1937-01-31,9721.456603499522,5888.205080340481,439.33587487488006,0.0
1937-02-28,6613.682690027521,1334.5729798809602,421.12814251622405,0.0
1937-03-31,4357.396353576961,2139.0545915596804,347.3061234508801,0.0
1937-04-30,11906.384486538242,7210.884984652801,556.0012828339201,0.0
1937-05-31,6577.7202948556815,3902.0614603776007,406.46001598156806,0.0
1937-06-30,4612.247972904961,1774.6167759206403,245.93181265152003,0.0
1937-07-31,2756.3618472652806,478.55470740480007,163.52978906880003,0.0
1937-08-31,2506.6072603238404,2450.8230725376,108.28362136780802,0.0
1937-09-30,2621.2904890214404,841.8598491801602,130.625613328896,0.0
1937-10-31,4527.863770060801,1862.3990003558401,106.38639264614402,0.0
1937-11-30,4465.566707558401,3489.4850055321604,283.02688168704003,0.0
1937-12-31,5235.784934860801,2301.5932909977605,307.63422137548804,0.0
1938-01-31,5426.640480890881,1871.6869260380163,275.77776895948807,0.0
1938-02-28,6578.003463321601,3088.23528932352,506.0786822922241,0.0
1938-03-31,6365.627113881601,4883.240194790401,539.0961254184961,0.0
1938-04-30,6382.617221836801,3650.3246941747207,350.27939234304006,0.0
1938-05-31,3807.7663612262404,1611.7949080166402,311.48531251200006,0.0
1938-06-30,3488.3523316684805,964.7549633894401,158.48939037542402,0.0
1938-07-31,5768.424819256321,419.93883495936007,95.59767409459201,0.0
1938-08-31,5990.428896537601,240.83478026496005,72.60439466188801,0.0
1938-09-30,8727.535288120322,1247.3570923776,93.24737582745601,0.0
1938-10-31,2860.2846742579204,360.67167504230406,160.41493594368004,0.0
1938-11-30,4260.2695697664,583.553574567936,137.33670597120002,0.0
1938-12-31,9443.102001500161,1728.0638801233922,153.76047699456,0.0
1939-01-31,3387.2611893350404,1060.2393700976643,149.11651415347202,0.0
1939-02-28,7500.283156823041,5630.8049448192005,241.99577097523203,0.0
1939-03-31,10519.708508928003,6002.605140572161,599.0145728071681,0.0
1939-04-30,11730.253700736002,3581.7979254220804,627.6429047116801,0.0
1939-05-31,3375.9344506982407,823.4538988953601,224.46764293478404,0.0
1939-06-30,1508.1835663365123,301.29124773888003,124.73570923776002,0.0
1939-07-31,1062.561351518208,178.82088622848002,58.70082298521601,0.0
1939-08-31,1136.5249548165123,236.41735219660802,41.172694944768004,0.0
1939-09-30,894.0761142958081,95.17292139571201,36.557048950272005,0.0
1939-10-31,2225.9306769039363,326.06848850688004,22.540209887232002,0.0
1939-11-30,4579.11726239232,605.1310116710401,25.088726080512004,0.0
1939-12-31,3151.9481941555205,1228.639656780288,32.45110619443201,0.0
1940-01-31,1343.6343707904002,491.0141199052801,34.574869688832,0.0
1940-02-29,1232.3491636838403,564.9210895104001,46.722796876800004,0.0
1940-03-31,5381.050357877761,4428.188470056961,214.69833086054405,0.0
1940-04-30,23278.996414817284,16317.016511708163,1254.29471979264,0.0
1940-05-31,5800.139687439361,3000.1698964224006,376.81227759974405,0.0
1940-06-30,3557.1622688870407,1938.3164660689922,285.943516886016,0.0
1940-07-31,2192.5734316185603,1012.2989488174081,277.84489876070404,0.0
1940-08-31,1346.0413027507202,350.56256080896003,145.322056710144,0.0
1940-09-30,2797.7044432896005,469.52163334195205,97.57985335603202,0.0
1940-10-31,1838.8960176844803,294.60847194316807,61.24933917849601,0.0
1940-11-30,4809.05005671936,661.7080711618561,26.447934716928003,0.0
1940-12-31,6692.969860485121,2792.6923614428165,101.60084557209602,0.0
1941-01-31,4519.085547617281,1248.7729347072002,305.14233887539206,0.0
1941-02-28,3336.0076970035207,600.4870488299521,247.31933813452804,0.0
1941-03-31,4245.544809538561,2936.0322388915206,245.28052517990403,0.0
1941-04-30,9602.525847813122,6911.292747709441,647.7761826385921,0.0
1941-05-31,2152.9298463897603,726.4403824711682,240.01359171379204,0.0
1941-06-30,1545.2503185254402,539.2660264980481,120.51649909555202,0.0
1941-07-31,1264.4604677191683,229.16823946905603,79.99509162240001,0.0
1941-08-31,1503.5679203420161,168.90998992128004,51.48002710425601,0.0
1941-09-30,640.555386757632,86.11153048627202,38.00120812646401,0.0
1941-10-31,559.4559381181441,90.84044386713602,31.318432330752003,0.0
1941-11-30,1174.6677471759363,157.01691435264001,22.851695199744004,0.0
1941-12-31,3010.9302981273604,657.9985642583041,53.037453666816006,0.0
1942-01-31,2820.9242574950404,528.5905753328641,105.39530301542402,0.0
1942-02-28,2286.3021938380803,662.0478733209601,147.27591912499201,0.0
1942-03-31,9199.293952343041,9145.32204273869,711.6589885501442,0.0
1942-04-30,6313.807284618241,3622.8573529804808,458.95944956313605,0.0
1942-05-31,7848.863538370561,2502.1048817157125,214.16031077529604,0.0
1942-06-30,4824.624322344961,896.6812641822721,136.74205219276803,0.0
1942-07-31,2073.3595074662403,1006.8337974251522,116.15570472038402,0.0
1942-08-31,2158.0268787763202,1397.2098445424642,116.43887318630402,0.0
1942-09-30,4380.332999316481,723.5520641187841,129.23808784588803,0.0
1942-10-31,6470.399446272001,1773.3991515171842,122.38541097062402,0.0
1942-11-30,6768.2926724198405,3038.9639762534407,178.76425253529604,0.0
1942-12-31,8001.774509967361,4832.836207856641,314.06214555187205,0.0
1943-01-31,6446.613295134721,3231.5185330790405,747.3665321026562,0.0
1943-02-28,6177.036915578881,2918.0510413056004,346.34335066675203,0.0
1943-03-31,11710.715076587521,4800.271834275841,613.5127982622721,0.0
1943-04-30,7459.223729264641,5123.08388542464,505.5123453603841,0.0
1943-05-31,12027.014253020161,8817.016523351042,783.2439767347201,0.0
1943-06-30,4555.331111255041,1403.6660855654402,443.9232040227841,0.0
1943-07-31,1557.9928994918403,397.0021892198401,200.59654125772803,0.0
1943-08-31,1074.1146249277442,286.70807174400005,84.412519690752,0.0
1943-09-30,687.0516488616961,164.09612600064003,41.22932863795201,0.0
1943-10-31,1926.4233905003523,1057.7474875975681,32.14528425123841,0.0
1943-11-30,5877.161510169601,2415.4270142976006,247.71577398681603,0.0
1943-12-31,2378.6151137280003,619.1478507340801,213.90545915596803,0.0
1944-01-31,1387.8086514739202,413.99229717504005,141.27274764748802,0.0
1944-02-29,1854.1871148441603,1145.98278157824,133.7971001472,0.0
1944-03-31,7210.6018161868815,4064.6001598156804,380.7483192760321,0.0
1944-04-30,9371.460379622402,4636.317292508161,530.969190446592,0.0
1944-05-31,3909.7070089574404,4460.752843637761,421.72279629465606,0.0
1944-06-30,1926.6782421196804,2097.7686292285443,256.12587742464007,0.0
1944-07-31,1063.6373916887042,555.0101932032001,214.07536023552004,0.0
1944-08-31,608.6139838018561,174.65830977945603,93.38896006041601,0.0
1944-09-30,1243.2794664683522,157.86641975040004,58.38933767270401,0.0
1944-10-31,1278.7038415549441,227.24269390080005,33.555463211520006,0.0
1944-11-30,2081.0050560460804,310.66412396083206,22.993279432704004,0.0
1944-12-31,4220.059647605761,850.7513390100481,101.11945918003201,0.0
1945-01-31,4500.39642886656,873.8578858291202,189.241485774336,0.0
1945-02-28,3348.4671095040003,2643.0944608972804,207.70406975232004,0.0
1945-03-31,18146.8511384832,11753.190346475521,1101.4120650424322,0.0
1945-04-30,6515.423232353281,2673.3934867507205,427.1029971471361,0.0
1945-05-31,8063.222067072001,7188.231507379201,484.61451257548805,0.0
1945-06-30,5354.715690547201,2357.3774787840002,287.92569614745605,0.0
1945-07-31,8088.424060538881,776.8443694049281,255.30468887347203,0.0
1945-08-31,4495.865733411841,432.0584453007361,148.94661307392002,0.0
1945-09-30,4238.46559789056,1301.074150362624,113.52223798732803,0.0
1945-10-31,6043.38139966464,2497.8290378803204,352.99780961587203,0.0
1945-11-30,8159.499345484801,3434.5503231436805,478.46975686502407,0.0
1945-12-31,4523.899411537921,3923.0159268556804,484.69946311526405,0.0
1946-01-31,6212.716142284801,4315.487420620801,340.19859495628805,0.0
1946-02-28,2440.6290077644803,652.9864824115201,202.43713628620804,0.0
1946-03-31,10563.599621145602,4522.483569208321,481.4147089105921,0.0
1946-04-30,3011.4966350592003,785.5942750018561,246.69636750950403,0.0
1946-05-31,8966.5294733568,7319.338507100161,193.94208230860804,0.0
1946-06-30,5743.505994255361,4116.703157544961,278.63777046528,0.0
1946-07-31,2308.6725026457602,1462.5651264768003,256.18251111782405,0.0
1946-08-31,1927.8109159833602,1941.1481507281924,185.36207779123202,0.0
1946-09-30,1571.4434016230402,675.6399596851201,107.63233389619202,0.0
1946-10-31,2072.2268336025604,1689.3264339855364,136.11908156774402,0.0
1946-11-30,1718.8325881344003,854.2626279874561,196.00921210982403,0.0
1946-12-31,1825.5870997862403,663.6619335767041,174.96979509196802,0.0
1947-01-31,5645.812873512961,3267.4809282508804,213.93377600256002,0.0
1947-02-28,3927.5466223104004,1453.50373556736,337.22532606412807,0.0
1947-03-31,7863.588298598401,2733.4252015257603,388.90357109452805,0.0
1947-04-30,11412.821850439683,7652.061454556161,708.6574028113921,0.0
1947-05-31,11607.924923458562,6944.989795153921,568.1775268684801,0.0
1947-06-30,4211.564593628161,3894.0194759454725,658.1118316446721,0.0
1947-07-31,7923.053676441601,1734.1520021406723,206.42981165568003,0.0
1947-08-31,3757.9287112243205,1744.6575522263042,145.20878932377602,0.0
1947-09-30,1651.8915627909123,1150.5417938795522,110.20916693606402,0.0
1947-10-31,1115.598805185024,338.32968308121605,51.11190809856001,0.0
1947-11-30,4832.553039390721,727.7429574144002,35.67922670592001,0.0
1947-12-31,2905.8747972710403,837.6406390379522,66.997659036672,0.0
1948-01-31,1866.0801904128002,434.38042672128006,99.61866631065601,0.0
1948-02-29,3751.1326680422403,2686.1360677171206,123.43313429452802,0.0
1948-03-31,15155.176296038402,9453.579234739202,505.96541490585605,0.0
1948-04-30,10184.153876812801,5945.971447388161,421.46794467532806,0.0
1948-05-31,7598.259446031361,3835.5168708864007,431.43547467571204,0.0
1948-06-30,4165.124965217281,1424.9603542026243,311.1738271994881,0.0
1948-07-31,2298.4784378726404,535.160083742208,157.8664197504,0.0
1948-08-31,1472.6742407101442,690.9027399982081,69.97092792883201,0.0
1948-09-30,1015.8385546414081,181.53930350131202,42.98497312665601,0.0
1948-10-31,1076.6065074278401,251.31201350400005,27.523974887424004,0.0
1948-11-30,2442.526236486144,1177.6976497612802,22.398625654272003,0.0
1948-12-31,5281.658226339841,1490.0324676710402,127.76561182310402,0.0
1949-01-31,10957.770125706242,3887.903037081601,315.647888961024,0.0
1949-02-28,6617.080711618561,2377.1992713984005,388.875254247936,0.0
1949-03-31,5251.642368952321,2368.9873858867204,405.44060950425603,0.0
1949-04-30,5667.050508456961,3187.0610839296005,300.10194018201605,0.0
1949-05-31,5823.359501644801,1467.9453273292802,283.39500069273606,0.0
1949-06-30,1877.9732659814404,421.4113109821441,66.82775795712001,0.0
1949-07-31,941.7900008033281,171.60009034752002,55.35943508736001,0.0
1949-08-31,837.5273716515842,216.68051012198404,52.13131457587201,0.0
1949-09-30,793.0982393487361,221.01298765056004,65.55349986048,0.0
1949-10-31,919.7028604615681,187.31594020608003,93.61549483315201,0.0
1949-11-30,2083.83674070528,320.2635349555201,34.574869688832,0.0
1949-12-31,5897.54963971584,1081.6185892746241,160.64147071641602,0.0
1950-01-31,6842.199642024961,2907.8569765324805,357.67008930355206,0.0
1950-02-28,3637.2989447424006,1258.6838310144,286.84965597696004,0.0
1950-03-31,9330.400952064001,7451.011843752961,504.5495725762561,0.0
1950-04-30,12602.129407303682,6100.2982613145605,897.0777000345602,0.0
1950-05-31,5897.549639715841,2836.2153546547206,280.90311819264,0.0
1950-06-30,4159.17842743296,1407.8852957076483,177.20682597273603,0.0
1950-07-31,2757.7776895948805,445.1974621194241,179.92524324556803,0.0
1950-08-31,2279.5061506560005,621.0167626091521,154.60998239232003,0.0
1950-09-30,1965.1891534848003,981.0937838730242,140.56482648268803,0.0
1950-10-31,1089.6322568601602,2268.0378277862405,81.35430025881601,0.0
1950-11-30,6329.834619789313,5348.910736995841,200.79475918387203,0.0
1950-12-31,10282.41333448704,5572.472240839681,707.9777984931841,0.0
1951-01-31,7572.207947166721,4220.059647605761,511.0341304458241,0.0
1951-02-28,9584.403065994242,4866.53325530112,472.60816962048006,0.0
1951-03-31,10530.752079098882,7157.649313059841,666.4086676961281,0.0
1951-04-30,10912.463171159041,5544.155394247681,477.5353009274881,0.0
1951-05-31,2811.5796981196804,1076.2383884221442,232.65121159987203,0.0
1951-06-30,2218.6249304832004,1309.2577190277123,135.581061482496,0.0
1951-07-31,2625.5380160102404,1475.9589949148162,90.92539440691202,0.0
1951-08-31,1820.7732358656003,267.16944759552007,39.643585228800006,0.0
1951-09-30,1367.958542012928,194.36683500748802,43.466359518720004,0.0
1951-10-31,2445.6977233044486,154.55334869913602,46.977648496128005,0.0
1951-11-30,8373.008368788482,839.8210362255361,110.88877125427202,0.0
1951-12-31,6655.025286051841,2606.5657287936006,166.36147372800002,0.0
1952-01-31,8928.3017304576,5798.440676643841,294.296986630656,0.0
1952-02-29,6154.383438305281,2950.6154148864007,415.71962481715207,0.0
1952-03-31,9697.670452362241,6737.993646566401,438.20320101120006,0.0
1952-04-30,12724.458184581123,5579.834620953601,412.6614053852161,0.0
1952-05-31,7894.170492917761,3885.0147187292164,315.98769112012803,0.0
1952-06-30,3914.520872878081,830.0517241512961,237.86151137280004,0.0
1952-07-31,4754.341909103617,312.02333259724804,60.85290332620801,0.0
1952-08-31,1481.6223642332163,237.66329344665604,39.813486308352005,0.0
1952-09-30,2008.0042255319042,173.18583375667203,34.150116989952004,0.0
1952-10-31,1000.1227047828481,229.84784378726403,37.03843534233601,0.0
1952-11-30,3027.467336537088,1036.651436886528,74.07687068467202,0.0
1952-12-31,9545.325817697281,3383.8914845905924,87.89549182156802,0.0
1953-01-31,7947.689332976641,2804.2456348523524,230.30091333273603,0.0
1953-02-28,6866.552130094081,2102.8090279219205,328.90017316608004,0.0
1953-03-31,9954.504250951682,5438.533556459521,335.46968157542403,0.0
1953-04-30,9842.369538447361,3261.5343904665606,398.89941794150405,0.0
1953-05-31,8293.72119833088,3717.1524521318406,361.06811089459205,0.0
1953-06-30,2180.96352451584,1704.0228773667843,188.47693091635202,0.0
1953-07-31,1159.4332837094403,462.9238080860161,64.90221238886402,0.0
1953-08-31,603.4320008755201,257.82488822016006,44.03269645056,0.0
1953-09-30,870.2899631585282,140.02680639744003,24.182586989568005,0.0
1953-10-31,880.8521469373442,145.26542301696003,15.517631932416002,0.0
1953-11-30,2498.9617117440002,340.93483296768005,12.431095653888,0.0
1953-12-31,6886.657091174401,677.4522378670081,11.89307556864,0.0
1954-01-31,3534.5087916134407,757.8154484951041,14.526542301696002,0.0
1954-02-28,7006.720520724481,2119.431016871424,78.69251667916801,0.0
1954-03-31,6870.233320151041,3586.0454524108804,419.0043790218241,0.0
1954-04-30,6531.280666444801,4132.56059163648,437.77844831232005,0.0
1954-05-31,7641.017884385281,3883.2873910871044,477.6202514672641,0.0
1954-06-30,2065.515740960256,1683.57811412736,175.98920156928003,0.0
1954-07-31,663.1805471846401,220.16348225280004,129.06818676633603,0.0
1954-08-31,516.6974997642241,132.126406198272,78.94736829849602,0.0
1954-09-30,990.9763633336322,106.27312525977602,73.99192014489601,0.0
1954-10-31,844.4083653734401,155.96919102873602,55.81250463283201,0.0
1954-11-30,6103.299847053313,224.69417770752003,76.65370372454402,0.0
1954-12-31,5704.428745958401,1454.7779936640002,220.30506648576002,0.0
1955-01-31,3838.3485555456004,1409.3294548838403,516.7541334574081,0.0
1955-02-28,3150.8155202918406,1357.7927940864001,209.09159523532804,0.0
1955-03-31,9386.468308316162,7880.861575019521,992.1939877370882,0.0
1955-04-30,5620.894048512001,1727.3276421120001,350.958996661248,0.0
1955-05-31,2420.2408782182406,750.1132662220801,194.87653824614404,0.0
1955-06-30,2084.40307763712,233.33081591808005,126.29313580032002,0.0
1955-07-31,1039.1433193866242,143.36819429529604,75.26617824153601,0.0
1955-08-31,10911.245546755585,701.26670585088,67.87548128102401,0.0
1955-09-30,2579.6647245312006,203.45654276352002,62.43864673536001,0.0
1955-10-31,11536.000133114881,7380.927648437761,82.51529096908801,0.0
1955-11-30,8082.760691220481,4185.513094763521,199.97357063270402,0.0
1955-12-31,3258.7027058073604,1635.8642276198402,375.56633634969603,0.0
1956-01-31,3272.2947921715204,789.8701188372481,227.41259498035203,0.0
1956-02-29,4195.42399107072,2069.0270299376643,262.44053421465605,0.0
1956-03-31,8374.990548049922,10438.439159208961,837.8954906572801,0.0
1956-04-30,15960.507413114883,9266.971215697922,856.6412431011842,0.0
1956-05-31,7066.469067033601,2919.75005210112,347.75919299635206,0.0
1956-06-30,4066.5823390771207,867.3733279595522,229.05497208268804,0.0
1956-07-31,1796.7039162624003,835.8566777026562,97.60817020262401,0.0
1956-08-31,1137.7708960665602,637.8936031779841,69.77271000268802,0.0
1956-09-30,1951.7103345070084,1016.6314263459842,73.65211798579202,0.0
1956-10-31,1738.3712122828802,521.7662153041921,112.33293043046402,0.0
1956-11-30,2546.5340140185604,1310.9850466698242,118.76085460684801,0.0
1956-12-31,5984.7655272192005,4042.0599499284485,156.81869642649602,0.0
1957-01-31,3942.5545510041607,2553.8963941324805,333.4308686208,0.0
1957-02-28,3042.0788293785604,1827.8524475136003,304.49105140377605,0.0
1957-03-31,5200.105708154881,4531.828128583681,451.25726729011205,0.0
1957-04-30,8418.032154869761,8013.667585536001,298.88431577856005,0.0
1957-05-31,3496.8473856460805,3363.1918697318406,221.15457188352002,0.0
1957-06-30,1674.5450400645122,678.386693804544,184.54088924006402,0.0
1957-07-31,1324.94525203968,378.08653569638403,239.36230424217604,0.0
1957-08-31,953.3999079060482,183.43653222297604,126.26481895372801,0.0
1957-09-30,1159.2067489367041,165.73850310297604,83.22321213388801,0.0
1957-10-31,1172.6289342213122,156.22404264806403,71.83983980390401,0.0
1957-11-30,1396.0488538321922,247.88567506636804,57.85131758745601,0.0
1957-12-31,7436.570251991041,1178.490521465856,80.44816116787202,0.0
1958-01-31,4517.103368355841,809.9467630709761,202.26723520665604,0.0
1958-02-28,2809.8806873241606,598.0801168696321,242.47715736729603,0.0
1958-03-31,6171.656714726401,4324.5488115302405,476.0628249047041,0.0
1958-04-30,17510.005258629124,13600.298249671681,1080.7690838768642,0.0
1958-05-31,6910.160073845761,3976.5347669145604,395.72793112320005,0.0
1958-06-30,2131.4090429798403,1655.3179012285443,353.53582970112006,0.0
1958-07-31,1752.2464671129603,912.9634509726721,172.73276421120002,0.0
1958-08-31,1470.7770119884801,351.92176944537607,114.28679284531202,0.0
1958-09-30,1640.3949230745602,536.6891934581761,82.54360781568002,0.0
1958-10-31,3445.5938933145603,648.9088565022721,82.57192466227201,0.0
1958-11-30,5190.194811847681,1392.6225153945602,240.91973080473605,0.0
1958-12-31,3655.7048950272006,881.2202659430401,231.15041873049603,0.0
1959-01-31,4806.218372060161,3588.8771370700806,299.67718748313604,0.0
1959-02-28,3649.4751887769607,2277.5239713945602,424.63943149363206,0.0
1959-03-31,6073.6804255180805,4953.1828058726405,477.33708300134407,0.0
1959-04-30,9280.280133596161,5642.981188853761,649.3336092011521,0.0
1959-05-31,3107.7739134720005,1500.7928693760002,165.03058193817603,0.0
1959-06-30,1439.3453122713602,395.41644581068806,80.50479486105601,0.0
1959-07-31,1452.5692796298242,218.88922415616003,75.26617824153601,0.0
1959-08-31,1386.3928091443202,360.33187288320005,67.563995968512,0.0
1959-09-30,1408.7631179520001,276.65559120384006,54.42497914982401,0.0
1959-10-31,3914.804041344001,1936.9006237393921,52.52775042816001,0.0
1959-11-30,7261.855308518401,3383.2968308121604,127.05769065830403,0.0
1959-12-31,7615.815890918401,5938.042730342401,574.7187184312321,0.0
1960-01-31,5498.565271234561,2371.8190705459206,524.767801042944,0.0
1960-02-29,6304.7458937088,2933.6253069312006,422.51566799923205,0.0
1960-03-31,3676.0930245734407,4438.09936636416,344.1346366325761,0.0
1960-04-30,14167.767855375363,8087.857723607041,917.4091958876162,0.0
1960-05-31,3861.0020328192004,6995.110613621761,325.1340325693441,0.0
1960-06-30,4725.798527738881,3613.7959620710403,233.04764745216002,0.0
1960-07-31,2419.3913728204802,601.7329900800001,118.64758722048002,0.0
1960-08-31,2563.8072904396804,430.5859692779521,83.194895287296,0.0
1960-09-30,7013.233395440641,254.65340140185603,66.74280741734401,0.0
1960-10-31,2732.8588645939203,186.66465273446403,41.852299262976004,0.0
1960-11-30,2154.34568871936,231.49022088960004,87.04598642380802,0.0
1960-12-31,1991.8069892812803,193.60228014950403,50.46062062694401,0.0
1961-01-31,1463.9809688064001,191.28029872896002,12.544363040256002,0.0
1961-02-28,5896.983302784001,3912.8218620825605,110.35075116902402,0.0
1961-03-31,8557.067871636482,4310.673556700161,716.2463176980481,0.0
1961-04-30,11976.893434552321,9513.044612582402,710.0166114478081,0.0
1961-05-31,6214.131984614401,3870.0634237286404,404.02476717465606,0.0
1961-06-30,2622.4231628851203,2175.5833236633603,282.40391106201605,0.0
1961-07-31,1492.0146469324802,789.7568514508802,234.23695500902403,0.0
1961-08-31,1895.7562456412163,802.4711155706881,163.27493744947202,0.0
1961-09-30,1479.8950365911041,354.4419687920641,76.45548579840002,0.0
1961-10-31,1104.3570170880002,229.39477424179205,58.41765451929601,0.0
1961-11-30,1806.3316441036802,419.42913172070405,57.45488173516801,0.0
1961-12-31,2007.6644233728002,451.4554852162561,266.34825904435206,0.0
1962-01-31,5088.5373325824,1151.3629824307202,130.908781794816,0.0
1962-02-28,1913.3693242214404,662.6142102528001,140.59314332928003,0.0
1962-03-31,6665.219350824961,5330.0800340121605,279.77044432896,0.0
1962-04-30,10728.40366831104,6114.17351614464,617.4771567851521,0.0
1962-05-31,2416.2765196953605,1411.9629216168962,197.73653975193602,0.0
1962-06-30,1256.41848328704,438.76953794304006,63.316468979712006,0.0
1962-07-31,973.6464532193281,145.35037355673603,75.29449508812802,0.0
1962-08-31,1153.9398154705923,140.05512324403202,57.31329750220801,0.0
1962-09-30,1079.2682910074882,183.66306699571203,49.07309514393601,0.0
1962-10-31,1730.1593267712003,697.1324462484481,46.80774741657601,0.0
1962-11-30,3350.4492887654405,1288.105034623488,43.976062757376006,0.0
1962-12-31,2598.9201802137604,1302.8014780047363,46.977648496128005,0.0
1963-01-31,2621.8568259532803,794.0043784396802,74.89805923584001,0.0
1963-02-28,2172.75163900416,383.41010285568007,103.58302483353602,0.0
1963-03-31,9720.607098101762,7994.1289613875215,546.062069680128,0.0
1963-04-30,6550.536122127361,2910.4054927257603,393.43426654924804,0.0
1963-05-31,3150.5323518259206,1615.7592665395202,271.643509357056,0.0
1963-06-30,1765.8385534771203,596.1828881479681,177.40504389888002,0.0
1963-07-31,1422.3552043161603,326.49324120576006,61.67409187737601,0.0
1963-08-31,1337.5745656197123,164.66246293248003,55.41606878054401,0.0
1963-09-30,1070.178583251456,119.35550838528002,57.115079576064005,0.0
1963-10-31,1039.9078742446081,110.20916693606402,43.09824051302401,0.0
1963-11-30,1615.4760980736003,625.0943885184001,41.427546564096005,0.0
1963-12-31,3209.4313927372805,1359.4918048819202,252.21815259494403,0.0
1964-01-31,4942.988741099521,2685.8528992512,374.46197933260805,0.0
1964-02-29,2737.6727285145603,1008.0797386752001,321.6510604385281,0.0
1964-03-31,10084.478576808962,11267.471476882945,761.1285195463681,0.0
1964-04-30,6075.662604779521,3936.891181685761,379.19089271347207,0.0
1964-05-31,3576.4177245696005,1861.3795938785283,343.51166600755204,0.0
1964-06-30,1569.0364696627203,414.7568520330241,88.20697713408,0.0
1964-07-31,1383.9858771840002,258.27795776563204,57.03012903628801,0.0
1964-08-31,1185.428148880896,140.02680639744003,45.873291479040006,0.0
1964-09-30,1025.9476688747523,88.46182875340801,34.744770768384,0.0
1964-10-31,878.5018486702081,88.60341298636801,31.233481790976004,0.0
1964-11-30,750.7645536936961,114.62659500441602,25.966548324864004,0.0
1964-12-31,1638.3561101199361,250.15102279372803,20.727931705344,0.0
1965-01-31,1980.1970821785603,477.33708300134407,58.87072406476801,0.0
1965-02-28,3536.2078024089606,2156.75262067968,281.49777197107204,0.0
1965-03-31,2924.28074755584,1469.0780011929603,240.83478026496005,0.0
1965-04-30,4268.19828681216,3777.7505038387208,188.64683199590402,0.0
1965-05-31,1707.9872358896641,2074.1240623242243,200.85139287705604,0.0
1965-06-30,843.8703452881921,769.3120882114561,57.228346962432006,0.0
1965-07-31,613.6826993418241,157.24344912537603,57.59646596812801,0.0
1965-08-31,845.7675740098562,108.59510668032001,52.32953250201601,0.0
1965-09-30,972.0040761169921,132.013138811904,49.24299622348801,0.0
1965-10-31,1255.738878968832,162.68028367104003,47.28913380864001,0.0
1965-11-30,1114.0696954690561,436.58914075545607,110.91708810086402,0.0
1965-12-31,2056.93573644288,804.1984432128002,228.57358569062404,0.0
1966-01-31,1879.9554452428804,900.7588900915201,203.45654276352002,0.0
1966-02-28,2302.1596279296004,2767.4054174361604,392.4431769185281,0.0
1966-03-31,7332.930593464321,7018.047259361281,517.63195570176,0.0
1966-04-30,2961.0926481254405,2137.6387492300805,419.65566649344004,0.0
1966-05-31,4490.485532559361,2648.4746617497603,364.55108302540805,0.0
1966-06-30,2461.0171373107205,1037.727477057024,161.17949080166403,0.0
1966-07-31,1275.0792851911683,200.17178855884802,51.48002710425601,0.0
1966-08-31,1192.5073605288962,126.49135372646403,55.30280139417601,0.0
1966-09-30,1036.623120039936,139.26225153945603,50.57388801331201,0.0
1966-10-31,1305.8596974366721,161.43434242099204,70.76379963340801,0.0
1966-11-30,1651.7216617113602,971.1262538726402,56.66201003059201,0.0
1966-12-31,2560.1261003827203,1532.8758565647363,268.21717091942406,0.0
1967-01-31,3434.5503231436805,734.0292973578241,269.378161629696,0.0
1967-02-28,2477.44090833408,1185.3431983411201,195.21634040524802,0.0
1967-03-31,5239.466124917761,5147.521324033537,229.59299216793605,0.0
1967-04-30,7667.918888647681,4224.307174594561,410.4526913510401,0.0
1967-05-31,5931.5298556262405,4386.279537100801,377.86000092364804,0.0
1967-06-30,2355.9616364544004,959.5446636165121,104.71569869721601,0.0
1967-07-31,1964.0564796211202,840.0192541516801,139.03571676672001,0.0
1967-08-31,2512.2706296422402,1091.8976045875202,158.03632082995202,0.0
1967-09-30,1700.9929747814404,576.1628776074241,84.58242077030401,0.0
1967-10-31,2082.1377299097603,2198.3783851699204,142.235520431616,0.0
1967-11-30,3626.8217115033603,3117.1184728473604,635.9397407631361,0.0
1967-12-31,5612.115826068481,2564.9399643033603,528.0808720942081,0.0
1968-01-31,2592.4073054976,1552.3295301734402,141.78245088614403,0.0
1968-02-29,3329.7779907532804,1820.4900673996804,174.54504239308804,0.0
1968-03-31,7550.687143756801,4283.489383971841,360.64335819571204,0.0
1968-04-30,4504.927124321281,2187.7595676979204,309.33323217100804,0.0
1968-05-31,7264.686993177601,4159.829714904577,175.62108256358403,0.0
1968-06-30,7432.322725002241,3049.4412094924805,206.85456435456004,0.0
1968-07-31,2844.4272401664007,769.9916925296641,264.507664015872,0.0
1968-08-31,2457.9022841856004,287.75579506790405,46.552895797248006,0.0
1968-09-30,2442.3280185600006,375.82118796902404,51.33844287129601,0.0
1968-10-31,2319.4329043507205,233.10428114534403,147.30423597158403,0.0
1968-11-30,4365.325070622721,2627.9166311239683,480.0271834275841,0.0
1968-12-31,3649.192020311041,2331.8923168512006,586.4135760737281,0.0
1969-01-31,3116.5521359155205,1364.8720057344003,463.29192709171207,0.0
1969-02-28,2309.8051765094406,975.5153650944002,407.42278876569605,0.0
1969-03-31,4863.418402176001,1551.7915100881921,137.95967659622403,0.0
1969-04-30,6723.835223270401,5634.769303342081,626.3686466150401,0.0
1969-05-31,3644.3781563904004,2420.8072151500805,298.94094947174403,0.0
1969-06-30,3040.0966501171206,2064.8927703352324,258.87261154406406,0.0
1969-07-31,4107.075429703681,717.6338431810561,123.88620384000002,0.0
1969-08-31,3961.5268382208005,425.6588379709441,104.12104491878402,0.0
1969-09-30,2189.74174695936,162.82186790400002,48.28022343936001,0.0
1969-10-31,2250.3397986662403,228.71516992358403,38.199426052608004,0.0
1969-11-30,3555.4632580915204,2025.5606704189443,137.81809236326401,0.0
1969-12-31,3886.4871947520005,2514.5359773696005,315.13818572236806,0.0
1970-01-31,2539.17163390464,1008.6460756070402,264.53598086246404,0.0
1970-02-28,5474.495951631361,3400.2869387673604,333.7423539333121,0.0
1970-03-31,4087.5368055552008,3568.4890075238404,342.09582367795207,0.0
1970-04-30,15235.879308825602,7123.952265615361,789.8701188372481,0.0
1970-05-31,4581.948947051521,1964.9059850188803,212.77278529228803,0.0
1970-06-30,1987.8426307584002,609.8316082053121,107.60401704960002,0.0
1970-07-31,2538.3221285068803,411.7552662942721,101.54421187891201,0.0
1970-08-31,2410.61315037696,268.78350785126406,65.18538085478401,0.0
1970-09-30,2399.2864117401605,332.72294745600004,130.56897963571203,0.0
1970-10-31,3400.5701072332804,1585.5168743792642,298.96926631833605,0.0
1970-11-30,3334.8750231398403,4407.517172044801,370.2710860369921,0.0
1970-12-31,2200.7853171302404,2290.5497208268803,330.76908504115204,0.0
1971-01-31,2800.8192964147206,1038.3787645286402,278.63777046528,0.0
1971-02-28,4353.43199505408,2897.66291175936,188.50524776294404,0.0
1971-03-31,7006.437352258561,6954.334354529281,751.1326726993922,0.0
1971-04-30,9154.270166261762,6363.644934620161,724.9112727552001,0.0
1971-05-31,5008.400656727041,3235.1997231360006,312.9577885347841,0.0
1971-06-30,1675.2246443827203,595.9563533752321,82.31707304294402,0.0
1971-07-31,1932.6247799040002,296.05263111936006,78.94736829849602,0.0
1971-08-31,2643.0944608972804,178.93415361484804,52.244581962240005,0.0
1971-09-30,1770.3692489318403,446.24518544332807,86.96103588403201,0.0
1971-10-31,1868.0623696742402,373.10277069619207,95.68262463436801,0.0
1971-11-30,1862.3990003558404,417.41863561267206,48.11032235980801,0.0
1971-12-31,7663.671361658881,2388.9790795806725,117.37332912384002,0.0
1972-01-31,4068.5645183385604,2653.0053572044803,418.0982399308801,0.0
1972-02-29,2545.9676770867204,898.4935423641601,220.53160125849604,0.0
1972-03-31,9447.915865420802,9071.86814267904,629.5967671265281,0.0
1972-04-30,11738.748754713602,5575.587093964801,756.3429724723201,0.0
1972-05-31,7632.239661941761,4677.659888532481,471.78698106931205,0.0
1972-06-30,10745.960113198082,13356.490200514563,905.6860213985282,0.0
1972-07-31,5140.640330311681,3089.3679631872005,543.938306185728,0.0
1972-08-31,1882.2207929702404,593.2096192558081,134.98640770406402,0.0
1972-09-30,1805.7653071718403,313.63739285299204,80.81628017356802,0.0
1972-10-31,1849.0900824576004,507.21135615590407,282.37559421542403,0.0
1972-11-30,8758.683819371521,3334.0538345886725,462.47073854054406,0.0
1972-12-31,8030.091356559361,6998.791803678721,802.754284036608,0.0
1973-01-31,7026.259144872961,2293.6645739520004,484.64282942208007,0.0
1973-02-28,4982.632326328321,2768.5380912998403,316.29917643264,0.0
1973-03-31,6104.262619837441,5825.058512440321,646.2753897692161,0.0
1973-04-30,9347.391060019201,4785.263905582081,584.714565278208,0.0
1973-05-31,9688.892229918722,3210.5640666009604,354.781770951168,0.0
1973-06-30,8058.408203151361,1647.7573031884804,125.69848202188803,0.0
1973-07-31,5864.135760737281,567.2430709309441,67.790530741248,0.0
1973-08-31,3003.0015810816003,561.4381173795841,27.665559120384003,0.0
1973-09-30,1870.6108858675202,589.868231357952,47.17586642227201,0.0
1973-10-31,1813.6940242176001,576.9557493120001,62.46696358195201,0.0
1973-11-30,2036.2644384307202,1010.0052842434561,49.46953099622401,0.0
1973-12-31,10813.920545018882,4622.442037678081,194.67832032000004,0.0
1974-01-31,7070.716594022401,3503.0770918963203,438.82617163622405,0.0
1974-02-28,5633.353461012481,2862.2668535193607,291.32371773849604,0.0
1974-03-31,7609.019847736321,4113.30513595392,303.18847646054405,0.0
1974-04-30,9803.2922901504,6100.864598246401,692.6017507937281,0.0
1974-05-31,5361.228565263361,2422.7893944115203,373.58415708825606,0.0
1974-06-30,2594.1063162931205,820.8204321623041,213.16922114457603,0.0
1974-07-31,2018.1416566118403,747.7912848015361,127.22759173785602,0.0
1974-08-31,1774.6167759206403,269.91618171494406,83.36479636684801,0.0
1974-09-30,3568.4890075238404,484.69946311526405,140.70641071564802,0.0
1974-10-31,2742.4865924352002,316.24254273945604,164.03949230745602,0.0
1974-11-30,3949.6337626521604,1219.3517310981122,305.14233887539206,0.0
1974-12-31,7097.617598284801,2743.7608505318403,664.3132210483201,0.0
1975-01-31,6629.540124119041,3796.4396225894407,291.40866827827205,0.0
1975-02-28,7765.045672458241,4529.279612390401,355.999395354624,0.0
1975-03-31,8792.380866816002,4046.1942095308805,626.3686466150401,0.0
1975-04-30,6619.346059345921,2308.6725026457602,267.79241822054405,0.0
1975-05-31,6727.799581793281,3919.0515683328003,267.53756660121604,0.0
1975-06-30,5004.719466670081,2916.0688620441606,149.00324676710403,0.0
1975-07-31,2204.1833387212805,887.7897743523841,117.88303236249601,0.0
1975-08-31,1968.8703435417603,431.6620094484481,25.966548324864004,0.0
1975-09-30,4120.101179136001,6156.422251259905,410.2261565783041,0.0
1975-10-31,6762.062966169601,3031.6015961395206,491.2406546780161,0.0
1975-11-30,5443.913757312001,1769.5197435340804,236.67220381593603,0.0
1975-12-31,3839.1980609433604,2874.4430975539203,383.46673654886405,0.0
1976-01-31,6911.859084641281,2694.06478476288,319.24412847820804,0.0
1976-02-29,11272.653459809282,7903.231883827201,630.8993420697601,0.0
1976-03-31,7711.810000865281,4882.3906893926405,817.3940937246721,0.0
1976-04-30,5048.327410421761,2097.1739754501123,388.11069938995206,0.0
1976-05-31,5501.680124359681,2885.4866677248006,438.82617163622405,0.0
1976-06-30,2224.0051313356803,3860.7754980464642,290.92728188620805,0.0
1976-07-31,3524.8810637721604,1022.8894494428162,289.45480586342404,0.0
1976-08-31,3387.2611893350404,1142.3015915212802,119.38382523187201,0.0
1976-09-30,1646.9077977907202,321.39620881920007,103.97946068582402,0.0
1976-10-31,7782.602117345281,3317.6583804119045,497.4986777748481,0.0
1976-11-30,4156.9130797056005,1643.7929446656003,200.31337279180804,0.0
1976-12-31,2963.0748273868803,1183.8990391649281,107.85886866892801,0.0
1977-01-31,1928.3772529152002,492.99629916672006,224.18447446886404,0.0
1977-02-28,2361.0586688409603,1824.4544259225604,284.61262509619206,0.0
1977-03-31,15383.693248035843,6790.096644295681,712.3669097149441,0.0
1977-04-30,10162.916241868801,3444.4612194508804,366.41999490048005,0.0
1977-05-31,4449.426105000961,2070.6694070400004,147.89888975001602,0.0
1977-06-30,1409.8957918156802,601.6197226936321,56.37884156467201,0.0
1977-07-31,1463.5845329541123,901.0703754040321,63.85448906496001,0.0
1977-08-31,1426.9425334640641,832.3737055718401,103.52639114035202,0.0
1977-09-30,4831.42036552704,3956.9111922263046,507.0131382297601,0.0
1977-10-31,9161.066209443841,4228.27153311744,889.0073987558401,0.0
1977-11-30,5919.636780057601,6143.339868134401,534.7919647365121,0.0
1977-12-31,8980.971065118722,5982.783347957761,675.1019395998721,0.0
1978-01-31,11196.197974010882,4665.200476032001,502.3691753886721,0.0
1978-02-28,3924.9981061171206,1449.8225455104002,195.75436049049603,0.0
1978-03-31,8153.835976166401,9364.097999508482,642.3676649395201,0.0
1978-04-30,9981.405255214082,6715.623337758721,707.8362142602241,0.0
1978-05-31,5947.104121251841,4408.083508976641,133.82541699379203,0.0
1978-06-30,2588.4429469747206,1025.664500408832,89.76440369664002,0.0
1978-07-31,1528.2602105702401,412.91625700454404,47.31745065523201,0.0
1978-08-31,1571.3018173900803,906.9885963417602,63.57132059904001,0.0
1978-09-30,1247.49867661056,334.81839410380803,27.580608580608004,0.0
1978-10-31,1552.3295301734402,521.058294139392,104.14936176537601,0.0
1978-11-30,1497.1116793190401,477.22381561497605,139.60205369856,0.0
1978-12-31,2631.7677222604802,1084.648491859968,291.01223242598405,0.0
1979-01-31,9757.41899867136,5123.650222356481,453.8907340231681,0.0
1979-02-28,3555.7464265574404,1382.1452821555201,307.74748876185606,0.0
1979-03-31,12431.945159285762,9969.512179645442,959.5729804631042,0.0
1979-04-30,7388.431612784641,3813.1465620787208,393.43426654924804,0.0
1979-05-31,7972.324989511681,1433.9084777256962,157.32839966515203,0.0
1979-06-30,3352.1482995609604,737.0875167897601,67.53567912192001,0.0
1979-07-31,1419.8066881228801,441.94102476134407,49.21467937689601,0.0
1979-08-31,1396.0205369856003,412.85962331136005,67.59231281510401,0.0
1979-09-30,2052.68820945408,767.1316910238721,179.33058946713604,0.0
1979-10-31,4235.917081697281,2285.226153667584,193.17752745062404,0.0
1979-11-30,4672.27968768,3203.2016864870407,450.1529102730241,0.0
1979-12-31,3645.2276617881607,3178.5660299520005,252.84112321996804,0.0
1980-01-31,2128.8605267865605,1004.9648855500801,308.3421425402881,0.0
1980-02-29,1314.4680188006403,517.9151241676801,67.11092642304001,0.0
1980-03-31,7253.643423006721,6276.145878650881,432.82300015872005,0.0
1980-04-30,9632.258536734722,6389.979601950721,455.2782595061761,0.0
1980-05-31,3663.6336120729607,1867.5526664355843,167.97553398374401,0.0
1980-06-30,1475.0245389772801,450.54934612531207,98.62757667993601,0.0
1980-07-31,1615.1929296076803,284.92411040870405,44.31586491648,0.0
1980-08-31,1573.8503335833602,222.08902782105602,31.998036648960003,0.0
1980-09-30,1463.1314634086402,148.23869190912004,38.879030370816004,0.0
1980-10-31,1431.4165952256003,373.55584024166404,146.93611696588803,0.0
1980-11-30,1742.3355708057602,511.09076413900806,47.543985427968,0.0
1980-12-31,1783.1118298982403,757.2491115632641,398.95605163468804,0.0
1981-01-31,1067.5451165184002,403.2318954700801,120.82798440806401,0.0
1981-02-28,8732.34915204096,6101.147766712321,459.69568757452805,0.0
1981-03-31,2267.3299066214404,1536.3588286955521,240.55161179904005,0.0
1981-04-30,2797.9876117555204,1881.0881191065603,201.36109611571203,0.0
1981-05-31,6532.413340308481,2690.7800305582086,185.24881040486403,0.0
1981-06-30,1616.6087719372802,1567.8754789524482,116.97689327155202,0.0
1981-07-31,1389.2244938035203,691.4407600834561,53.717057985024006,0.0
1981-08-31,1461.4324526131202,707.6946300272641,37.74635650713601,0.0
1981-09-30,1434.8146168166402,871.1394685562881,264.33776293632,0.0
1981-10-31,1881.6544560384002,2556.2750092462084,474.5903488819201,0.0
1981-11-30,2082.98723530752,2682.1717091942405,656.611038775296,0.0
1981-12-31,2031.1674060441603,1727.3276421120004,361.9176162923521,0.0
1982-01-31,2768.8212597657603,1361.7571526092802,287.69916137472006,0.0
1982-02-28,3258.9858742732804,1773.7672705228802,229.30982370201605,0.0
1982-03-31,6524.484623262721,6224.750802086401,388.39386785587203,0.0
1982-04-30,10077.116196695042,3874.0277822515204,426.0552738232321,0.0
1982-05-31,2438.6468285030405,1428.0468904811523,89.11311622502402,0.0
1982-06-30,3432.8513123481603,5567.658376919041,222.08902782105605,0.0
1982-07-31,1944.8010239385603,1132.4473289072641,112.87095051571201,0.0
1982-08-31,1453.22056710144,512.8464086277121,33.612096904704,0.0
1982-09-30,1490.0324676710402,375.2265341905921,27.240806421504004,0.0
1982-10-31,1439.9116492032003,283.11183222681603,51.64992818380801,0.0
1982-11-30,1377.8977551667201,787.5198205701121,186.74960327424003,0.0
1982-12-31,2201.6348225280003,1352.4409100805121,299.62055378995206,0.0
1983-01-31,2464.1319904358406,814.3641911393281,289.62470694297605,0.0
1983-02-28,4139.35663481856,2027.7693844531202,265.158951487488,0.0
1983-03-31,6365.3439454156805,3787.6614001459207,144.98225455104003,0.0
1983-04-30,14651.419595166723,6437.835072691201,718.6815665049601,0.0
1983-05-31,7308.861273861121,3620.5920052531205,516.35769760512,0.0
1983-06-30,3795.5901171916803,1356.3203180636162,75.06796031539201,0.0
1983-07-31,1845.6920608665603,609.7183408189441,66.148153638912,0.0
1983-08-31,1517.4998088652803,311.513629358592,50.80042278604801,0.0
1983-09-30,1397.7195477811201,193.77218122905603,22.908328892928004,0.0
1983-10-31,1357.2264571545602,207.93060452505603,24.097636449792002,0.0
1983-11-30,1997.7535270656003,1098.3821624570883,88.40802674488322,0.0
1983-12-31,8461.0737616896,5092.784859571201,464.42460095539207,0.0
1984-01-31,2209.8467080396804,672.5251065600002,315.19481941555205,0.0
1984-02-29,7052.310643737601,6314.515205783041,359.95525882352644,0.0
1984-03-31,4265.08343368704,3424.6394268364807,399.94714126540805,0.0
1984-04-30,11959.053821199363,10789.568056949762,477.25213246156807,0.0
1984-05-31,11119.742488212481,7254.209759938561,608.5856669552641,0.0
1984-06-30,5360.3790598656005,2525.8627160064,259.29170087362564,0.0
1984-07-31,3989.843684812801,2118.5531946270726,105.76342202112002,0.0
1984-08-31,1822.4722466611204,2558.6819412065283,187.73786122030083,0.0
1984-09-30,1367.4205219276803,699.3411602826241,207.01880206479365,0.0
1984-10-31,1492.6376175575042,420.1936865786881,122.59212395074562,0.0
1984-11-30,1594.2384631296002,895.0955207731201,239.23771011717125,0.0
1984-12-31,3195.5561379072005,3234.0670492723207,346.76810336563204,0.0
1985-01-31,2113.8525980928002,1579.2305344358404,407.25288768614405,0.0
1985-02-28,2148.9654878668803,2341.5200446924805,296.59065120460804,0.0
1985-03-31,4169.6556606720005,4030.3367754393607,431.46379152230406,0.0
1985-04-30,2509.1557765171206,2829.2210935464964,285.95767530931204,0.0
1985-05-31,1969.4366804736003,611.332401074688,37.330098862233605,0.0
1985-06-30,1595.9374739251202,501.1515509852161,70.041720045312,0.0
1985-07-31,1604.4325279027203,319.32907901798404,44.307369862502405,0.0
1985-08-31,1256.1353148211201,238.05972929894403,29.678886913075203,0.0
1985-09-30,3679.4060956247044,202.55040367257604,50.885373325824006,0.0
1985-10-31,3358.3780058112006,240.24012648652803,34.917503532595205,0.0
1985-11-30,6177.886420976641,2235.4451373588486,195.61277625753604,0.0
1985-12-31,5266.650297646081,2694.6311216947206,305.1706557219841,0.0
1986-01-31,3219.6254575104003,2960.5263111936006,307.039567597056,0.0
1986-02-28,3598.2216964454406,3405.3839711539204,349.68473856460804,0.0
1986-03-31,14078.569788610563,5474.779120097281,535.2450342819841,0.0
1986-04-30,5484.690016404481,4292.550774881281,326.91799390464007,0.0
1986-05-31,4487.653847900161,1284.9901814983682,261.29087024302083,0.0
1986-06-30,6085.007164154881,2216.0197805967364,223.92962284953603,0.0
1986-07-31,2297.6289324748805,1099.4582026275841,139.67850918435843,0.0
1986-08-31,2627.8033637376,658.9896538890241,288.97341947136005,0.0
1986-09-30,1396.8700423833602,294.41025401702404,42.693309606758405,0.0
1986-10-31,1708.0721864294403,762.6859461089281,152.542852591104,0.0
1986-11-30,5898.399145113601,2169.013815254016,222.37219628697605,0.0
1986-12-31,5195.858181166081,3051.1402202880004,480.7634214389761,0.0
1987-01-31,3349.0334464358407,1352.4125932339202,350.392659729408,0.0
1987-02-28,1788.2088622848003,663.1805471846401,293.22094646016006,0.0
1987-03-31,6149.28640591872,3785.3960524185604,327.22947921715206,0.0
1987-04-30,11511.081308113922,6330.2310556416005,464.6794525747201,0.0
1987-05-31,1860.9831580262403,1115.4572209520643,154.44008131276803,0.0
1987-06-30,1734.9731906918403,809.6919114516481,73.11409790054401,0.0
1987-07-31,2543.41916089344,1251.406401440256,36.755266876416,0.0
1987-08-31,1737.5217068851202,309.67303433011205,33.38556213196801,0.0
1987-09-30,6734.878793441281,1344.4272424949763,168.40028668262403,0.0
1987-10-31,3500.8117441689606,952.2389171957761,48.620025598464004,0.0
1987-11-30,3114.0036197222403,858.5667886694401,252.21815259494403,0.0
1987-12-31,3823.0574583859207,2084.9694145689605,320.63165396121605,0.0
1988-01-31,2053.25454638592,943.2341599795202,295.9110468864001,0.0
1988-02-29,4091.5011640780804,1764.1395426816002,250.00943856076805,0.0
1988-03-31,6208.751783761921,3336.8572024012806,110.63391963494402,0.0
1988-04-30,3253.6056734208005,2430.4349429913605,332.58136322304006,0.0
1988-05-31,5057.105632865281,3945.9525725952008,224.69417770752003,0.0
1988-06-30,2068.2624750796804,628.2941921832961,100.63807278796801,0.0
1988-07-31,1908.8386287667204,605.5557643699201,47.54398542796801,0.0
1988-08-31,1756.2108256358404,395.41644581068806,33.66873059788801,0.0
1988-09-30,1390.6403361331202,313.09937276774406,30.667144859136005,0.0
1988-10-31,1412.7274764748802,260.288453873664,39.19051568332801,0.0
1988-11-30,3244.8274509772805,600.5719993697281,238.93755154329602,0.0
1988-12-31,1805.1989702400003,441.00656882380804,260.5999391861761,0.0
1989-01-31,1591.6899469363202,481.7545110696961,121.02620233420802,0.0
1989-02-28,1951.3138986547203,674.0825331225601,39.020614603776,0.0
1989-03-31,2987.1441469900806,2900.4945964185604,66.204787332096,0.0
1989-04-30,4344.087435678721,3639.932411475457,414.5303172602881,0.0
1989-05-31,11043.003833948162,7434.956191735297,514.5171025766401,0.0
1989-06-30,5669.032687718401,6301.914209049601,417.30536822630404,0.0
1989-07-31,2500.09438560768,1020.1427153233922,136.96858696550402,0.0
1989-08-31,1586.8760830156803,347.9574109224961,60.25824954777601,0.0
1989-09-30,1978.2149029171203,363.6166270878721,166.78622642688003,0.0
1989-10-31,4482.27364704768,680.7653089182721,176.92365750681603,0.0
1989-11-30,4003.4357711769608,988.5977482199041,419.0043790218241,0.0
1989-12-31,1804.0662963763202,496.1111522918401,366.7881139061761,0.0
1990-01-31,4078.7585831116808,1817.7999669734402,307.54927083571204,0.0
1990-02-28,8834.006631306242,5939.741741137921,641.8862785474561,0.0
1990-03-31,6221.777533194241,2146.4169716736005,441.0632025169921,0.0
1990-04-30,5823.642670110721,4158.61209050112,496.3660039111681,0.0
1990-05-31,7767.027851719681,3297.4967856384005,560.4753445954561,0.0
1990-06-30,2199.3694748006405,961.0454564858882,162.170580432384,0.0
1990-07-31,2336.9893492377605,1055.5954072565762,89.67945315686401,0.0
1990-08-31,2728.6113376051203,380.49346765670407,56.06735625216001,0.0
1990-09-30,1540.7196230707202,665.5308454517761,43.01328997324801,0.0
1990-10-31,3322.4156106393602,5945.97144738816,283.45163438592004,0.0
1990-11-30,5362.927576058881,2679.6231930009603,524.796117889536,0.0
1990-12-31,7375.972200284161,5428.05632322048,637.2139988597761,0.0
1991-01-31,5123.650222356481,3461.1681589401605,483.22698709248004,0.0
1991-02-28,5084.289805593601,3390.0928739942406,344.16295347916804,0.0
1991-03-31,6811.334279239681,5118.83635843584,444.29132302848006,0.0
1991-04-30,4499.83009193472,3315.0532305254405,169.90107955200003,0.0
1991-05-31,2746.4509509580803,1684.2294015989762,206.939514894336,0.0
1991-06-30,1420.0898565888003,305.14233887539206,46.014875712000006,0.0
1991-07-31,1545.8166554572801,171.826625120256,50.913690172416004,0.0
1991-08-31,1378.6906268712962,173.95038861465602,53.320622132736005,0.0
1991-09-30,1385.5433037465602,143.59472906803202,49.271313070080005,0.0
1991-10-31,1324.0674297953283,174.48840869990403,44.06101329715201,0.0
1991-11-30,2487.0120024821763,428.66042370969603,74.86974238924802,0.0
1991-12-31,3390.0928739942406,1214.1980650183682,314.45858140416004,0.0
1992-01-31,3051.4233887539203,2129.7100321843204,308.88016262553606,0.0
1992-02-29,2288.5675415654405,1156.60159905024,161.802461426688,0.0
1992-03-31,4732.3114024550405,4721.267832284161,487.9842173199361,0.0
1992-04-30,5838.650598804481,5886.222901079041,402.32575637913607,0.0
1992-05-31,2995.9223694336006,2263.2805975587844,294.49520455680005,0.0
1992-06-30,4226.572522321921,1288.6147378621442,216.76546066176005,0.0
1992-07-31,1960.6584580300803,1623.4048151193601,340.42512972902404,0.0
1992-08-31,1928.0940844492802,2525.2397453813765,321.62274359193606,0.0
1992-09-30,1454.6364094310402,2184.8429324989443,284.52767455641606,0.0
1992-10-31,1786.7930199552002,1589.8776687544323,291.72015359078404,0.0
1992-11-30,4204.202213514241,4486.52117403648,375.5663363496961,0.0
1992-12-31,3638.9979555379205,3725.0811691776007,370.9223735086081,0.0
1993-01-31,5631.37128175104,4299.913154995201,498.34818317260806,0.0
1993-02-28,2099.4110063308804,728.5924628121601,245.79022841856005,0.0
1993-03-31,5987.314043412481,5094.710405139457,173.95038861465602,0.0
1993-04-30,20093.634341683202,18348.18391775232,1522.8800097177602,0.0
1993-05-31,3500.8117441689606,2043.1737489991683,356.90553444556804,0.0
1993-06-30,1426.6027313049601,555.5198964418561,108.08540344166401,0.0
1993-07-31,1459.4502733516802,241.25953296384003,68.27191713331202,0.0
1993-08-31,1575.8325128448002,213.73555807641603,69.008155144704,0.0
1993-09-30,1423.2047097139202,349.42988694528003,56.88854480332801,0.0
1993-10-31,1457.4680940902401,359.79385279795207,50.65883855308801,0.0
1993-11-30,4615.362826030081,2779.4683940843524,159.735331625472,0.0
1993-12-31,5961.545713013761,2423.6388998092802,456.7507355289601,0.0
1994-01-31,2314.05270349824,972.1173435033602,227.04447597465605,0.0
1994-02-28,2826.0212898816003,2203.0506648576,119.01570622617602,0.0
1994-03-31,8521.388644930561,8707.147158574082,632.3435012459521,0.0
1994-04-30,15952.861864535042,8483.727238963202,982.1415071969282,0.0
1994-05-31,3513.2711566694406,1732.1415060326403,284.61262509619206,0.0
1994-06-30,1964.0564796211204,3188.6468273387527,192.07317043353603,0.0
1994-07-31,2218.3417620172804,1369.4876517288963,67.96043182080001,0.0
1994-08-31,3954.4476265728003,4389.847459771393,227.55417921331204,0.0
1994-09-30,2042.7773131468803,886.1473972500481,65.638450400256,0.0
1994-10-31,1770.9355858636802,591.9353611591681,106.61292741888002,0.0
1994-11-30,2768.8212597657603,2365.4194632161284,407.81922461798405,0.0
1994-12-31,5305.1612090112,3095.3145009715204,349.37325325209605,0.0
1995-01-31,5736.426782607361,3909.5087910312964,248.08389299251203,0.0
1995-02-28,2399.8527486720004,1155.3273409536002,144.104432306688,0.0
1995-03-31,6640.300525824001,3200.3700018278405,257.57003660083205,0.0
1995-04-30,3513.2711566694406,2593.8231478272005,174.23355708057602,0.0
1995-05-31,1659.0840418252803,984.3502212311041,111.20025656678402,0.0
1995-06-30,1385.5433037465602,539.379293884416,87.64064020224001,0.0
1995-07-31,1775.7494497843202,268.69855731148806,59.89013054208001,0.0
1995-08-31,1519.1988196608002,225.51536625868803,61.33428971827201,0.0
1995-09-30,1339.6700122675202,194.25356762112003,59.06894199091201,0.0
1995-10-31,3434.5786399902727,1741.5710159477762,131.24858395392002,0.0
1995-11-30,5791.927801927681,2151.0326176680965,246.18666427084804,0.0
1995-12-31,2736.2568861849604,1630.7671952332803,368.175639389184,0.0
1996-01-31,11394.982237086722,7522.370297164801,566.167030760448,0.0
1996-02-29,6559.597513036801,2752.9638256742405,401.33466674841605,0.0
1996-03-31,6180.1517687040005,4082.722941634561,409.43328487372804,0.0
1996-04-30,8787.567002895361,6113.607179212801,518.9628474915841,0.0
1996-05-31,9820.848735037442,7813.467480130561,693.8476920437761,0.0
1996-06-30,3161.0095850649604,1131.3146550435843,109.69946369740802,0.0
1996-07-31,4956.58082746368,689.4019471288321,128.44521614131202,0.0
1996-08-31,2094.3139739443204,412.74635592499203,84.32756915097602,0.0
1996-09-30,2119.7991358771205,1294.419691413504,55.92577201920001,0.0
1996-10-31,3956.1466373683206,3528.6188875223047,129.606206851584,0.0
1996-11-30,8675.432290391042,6886.9402596403215,666.040548690432,0.0
1996-12-31,15172.166403993602,5870.931803919361,788.0295238087681,0.0
1997-01-31,4727.780707000321,1471.3433489203203,372.1399979120641,0.0
1997-02-28,3926.6971169126405,2231.6789967621125,196.88703435417602,0.0
1997-03-31,7232.122619596801,4949.784784281601,519.0477980313601,0.0
1997-04-30,7464.320761651201,2627.8033637376,507.1830393093121,0.0
1997-05-31,5299.497839692801,2031.4505745100803,279.5155927096321,0.0
1997-06-30,1727.6108105779203,1853.5641442191363,120.09174639667202,0.0
1997-07-31,1492.5809838643202,590.6044693693441,79.48538838374401,0.0
1997-08-31,1480.1215713638403,276.00430373222406,62.52359727513601,0.0
1997-09-30,1479.83840289792,295.28807626137603,56.37884156467201,0.0
1997-10-31,1460.5829472153603,506.22026652518406,51.140224945152006,0.0
1997-11-30,1787.0761884211204,2336.5079628456965,180.34999594444804,0.0
1997-12-31,2455.0705995264,2219.1912674150403,370.66752188928007,0.0
1998-01-31,7792.796182118401,7009.269036917761,923.9220706037761,0.0
1998-02-28,4032.8852916326405,4197.123001866241,426.50834336870406,0.0
1998-03-31,10327.437120568322,6025.541786311681,690.9876905379841,0.0
1998-04-30,8640.319400616962,5781.167400222721,426.11190751641607,0.0
1998-05-31,7633.372335805441,5025.957101614081,181.19950134220804,0.0
1998-06-30,6303.046882913281,1609.6711445222402,343.53998285414406,0.0
1998-07-31,4913.539220643841,2433.6347466562565,218.40783776409603,0.0
1998-08-31,1513.8186188083203,310.97560927334405,68.583402445824,0.0
1998-09-30,1445.5750185216002,236.55893642956804,61.19270548531201,0.0
1998-10-31,1456.6185886924802,315.562938421248,0.0,0.0
1998-11-30,1379.5967659622402,225.96843580416004,0.0,0.0
1998-12-31,1294.3630577203203,247.48923921408004,0.0,0.0
1999-01-31,4703.71138739712,2531.157966319104,0.0,0.0
1999-02-28,3383.0136623462404,1932.0584429721603,0.0,0.0
1999-03-31,5339.1414249216,4855.206516664321,0.0,0.0
1999-04-30,3953.3149527091205,3697.0474910515204,0.0,0.0
1999-05-31,2459.60129498112,910.9529548646401,0.0,0.0
1999-06-30,1485.5017722163202,237.97477875916803,0.0,0.0
1999-07-31,1635.8642276198402,181.25613503539202,0.0,0.0
1999-08-31,1624.8206574489602,141.04621287475203,0.0,0.0
1999-09-30,2583.9122515200006,357.50018822400006,0.0,0.0
1999-10-31,2376.3497660006406,487.53114777446405,0.0,0.0
1999-11-30,2270.7279282124805,898.2953244380161,0.0,0.0
1999-12-31,3091.9164793804803,1822.2740287349764,0.0,0.0
2000-01-31,2540.0211393024006,1625.2454101478402,0.0,0.0
2000-02-29,4761.194585978881,4067.4318444748806,0.0,0.0
2000-03-31,9805.840806343682,3680.057383096321,0.0,0.0
2000-04-30,8941.610648355841,6019.878416993281,0.0,0.0
2000-05-31,8424.545029585921,3577.5503984332804,0.0,0.0
2000-06-30,7095.069082091521,3419.8255629158407,0.0,0.0
2000-07-31,2455.35376799232,578.852978033664,0.0,0.0
2000-08-31,2583.9122515200006,538.5014716400641,0.0,0.0
2000-09-30,2088.9337730918405,295.76946265344003,0.0,0.0
2000-10-31,2167.6546066176,580.63693936896,0.0,0.0
2000-11-30,1910.8208080281604,406.91308552704004,0.0,0.0
2000-12-31,5304.02853514752,928.1979144391681,0.0,0.0
2001-01-31,2047.3080086016002,514.6870036561921,0.0,0.0
2001-02-28,2633.4667330560005,1260.9491787417603,0.0,0.0
2001-03-31,5358.396880604161,2939.1470920166403,0.0,0.0
2001-04-30,11040.172149288961,8360.265787822082,0.0,0.0
2001-05-31,1813.1276872857602,838.0087580436482,0.0,0.0
2001-06-30,2754.0964995379204,759.0897065917441,0.0,0.0
2001-07-31,1609.2463918233602,308.93679631872004,0.0,0.0
2001-08-31,1566.2047850035203,157.04523119923203,0.0,0.0
2001-09-30,1524.0126835814403,406.37506544179206,0.0,0.0
2001-10-31,1503.3413855692802,294.91995725568006,0.0,0.0
2001-11-30,1219.0402457856003,278.07143353344003,0.0,0.0
2001-12-31,1626.0949155456003,1319.734952266752,0.0,0.0
2002-01-31,1167.64516922112,852.3937161123841,0.0,0.0
2002-02-28,2780.4311668684804,2530.39341146112,0.0,0.0
2002-03-31,3168.3719651788806,2977.2332506828807,0.0,0.0
2002-04-30,4055.5387689062404,3392.6413901875203,0.0,0.0
2002-05-31,7422.694997160961,5042.66404110336,0.0,0.0
2002-06-30,5496.299923507201,4525.31525386752,0.0,0.0
2002-07-31,1643.5097761996803,554.1040541122561,0.0,0.0
2002-08-31,1401.6839063040002,230.66903233843203,0.0,0.0
2002-09-30,1428.5849105664001,204.44763239424003,0.0,0.0
2002-10-31,4283.489383971841,358.20810938880004,0.0,0.0
2002-11-30,4773.37083001344,892.0939350343681,0.0,0.0
2002-12-31,4308.12504050688,2107.7927929221123,0.0,0.0
2003-01-31,4708.525251317761,2131.1258745139203,0.0,0.0
2003-02-28,2964.7738381824006,1210.4036075750403,0.0,0.0
2003-03-31,11649.267519482883,9148.889965409282,0.0,0.0
2003-04-30,7216.548353971201,4884.372868654081,0.0,0.0
2003-05-31,4174.186356126721,1691.0820784742402,0.0,0.0
2003-06-30,8577.456001182722,3750.2831626444804,0.0,0.0
2003-07-31,2780.9975038003204,3161.15116929792,0.0,0.0
2003-08-31,4175.60219845632,3842.9925183866885,0.0,0.0
2003-09-30,10479.781755233282,2487.5500225674245,0.0,0.0
2003-10-31,8921.505687275521,2070.6127733468165,0.0,0.0
2003-11-30,9978.290402088962,3880.2574885017607,0.0,0.0
2003-12-31,12623.933379179522,5860.7377391462405,0.0,0.0
2004-01-31,5671.014866979841,2636.2984177152002,0.0,0.0
2004-02-29,1759.0425102950403,1111.1530602700802,0.0,0.0
2004-03-31,6314.656790016001,6772.823367874561,0.0,0.0
2004-04-30,5561.145502202881,5766.442639994881,0.0,0.0
2004-05-31,5451.842474357761,5302.329524352001,0.0,0.0
2004-06-30,2349.44876173824,1562.8917139522562,0.0,0.0
2004-07-31,2889.1678577817606,2972.8724563077126,0.0,0.0
2004-08-31,6686.740154234881,2700.0113225472005,0.0,0.0
2004-09-30,12843.105771801602,8728.384793518082,0.0,0.0
2004-10-31,5242.580978042881,1177.7259666078721,0.0,0.0
2004-11-30,4312.655735961601,1977.9317344512003,0.0,0.0
2004-12-31,10291.191556930562,4775.636177740801,0.0,0.0
2005-01-31,10228.328157496322,6216.114163875841,0.0,0.0
2005-02-28,4329.645843916801,3066.7144859136006,0.0,0.0
2005-03-31,7219.946375562241,5007.834319795201,0.0,0.0
2005-04-30,17445.44284839936,7934.946752010242,0.0,0.0
2005-05-31,2935.0411492608005,1136.5532716631042,0.0,0.0
2005-06-30,1614.0602557440002,837.3291537254402,0.0,0.0
2005-07-31,1631.3335321651202,441.74280683520004,0.0,0.0
2005-08-31,1512.1196080128002,233.07596429875204,0.0,0.0
2005-09-30,1330.3254528921602,498.2632326328321,0.0,0.0
2005-10-31,7293.003839769601,2397.0493808593924,0.0,0.0
2005-11-30,4510.590493639681,3316.752241320961,0.0,0.0
2005-12-31,5432.587018675201,3791.6257586688007,0.0,0.0
2006-01-31,12277.33517689344,6744.789689748481,0.0,0.0
2006-02-28,6849.845190604801,2929.6609484083206,0.0,0.0
2006-03-31,2632.6172276582406,3105.7917342105607,0.0,0.0
2006-04-30,4048.7427257241607,2257.4190103142405,0.0,0.0
2006-05-31,4164.841796751361,1520.1332755983362,0.0,0.0
2006-06-30,15480.253694914561,4316.563460791296,0.0,0.0
2006-07-31,6055.274475233281,2255.9465342914564,0.0,0.0
2006-08-31,1996.9040216678404,1368.100126245888,0.0,0.0
2006-09-30,4033.7347970304004,3972.3438736189446,0.0,0.0
2006-10-31,5968.341756195841,3452.5881544227846,0.0,0.0
2006-11-30,9497.470346956801,4325.964653859841,0.0,0.0
2006-12-31,4837.933240243201,2246.0922716774403,0.0,0.0
2007-01-31,7792.796182118401,4334.17653937152,0.0,0.0
2007-02-28,2374.0844182732803,819.4895403724802,0.0,0.0
2007-03-31,9629.99318900736,8232.839978158081,0.0,0.0
2007-04-30,13180.359414712322,4122.9328637952,0.0,0.0
2007-05-31,2754.6628364697604,1648.8616602055683,0.0,0.0
2007-06-30,1523.7295151155201,557.6153430896641,0.0,0.0
2007-07-31,1740.6365600102404,332.89284853555205,0.0,0.0
2007-08-31,1858.7178102988803,269.74628063539205,0.0,0.0
2007-09-30,1383.8442929510402,477.3653998479361,0.0,0.0
2007-10-31,2807.0490026649604,344.9558251837441,0.0,0.0
2007-11-30,5206.61858287104,1024.8149950110721,0.0,0.0
2007-12-31,6498.716292864001,4145.586341068801,0.0,0.0
2008-01-31,8379.521243504641,2367.4582761707525,0.0,0.0
2008-02-29,11185.154403840002,5342.256278046721,0.0,0.0
2008-03-31,17670.844947271682,8073.132963379201,0.0,0.0
2008-04-30,7326.984055680001,4853.507505868801,0.0,0.0
2008-05-31,2795.4390955622403,1618.8174859714563,0.0,0.0
2008-06-30,1703.5414909747203,540.540284594688,0.0,0.0
2008-07-31,2888.6015208499207,536.1794902195201,0.0,0.0
2008-08-31,1718.5494196684801,677.2257030942721,0.0,0.0
2008-09-30,1388.6581568716801,329.01344055244806,0.0,0.0
2008-10-31,2318.30023048704,480.14045081395204,0.0,0.0
2008-11-30,3138.9224447232004,692.6017507937281,0.0,0.0
2008-12-31,9631.125862871042,2585.0166085370884,0.0,0.0
2009-01-31,5070.131382297601,1259.5333364121602,0.0,0.0
2009-02-28,3523.4652214425605,2677.3578452736006,0.0,0.0
2009-03-31,7695.386229841921,4188.627947888641,0.0,0.0
2009-04-30,3880.5406569676807,2156.6110364467204,0.0,0.0
2009-05-31,4538.62417176576,1344.4838761881601,0.0,0.0
2009-06-30,7446.197979832321,2059.0028662440964,0.0,0.0
2009-07-31,3700.7286811084805,1042.0882714321922,0.0,0.0
2009-08-31,7659.423834670081,1057.2661012055041,0.0,0.0
2009-09-30,2058.6347472384005,351.58196728627206,0.0,0.0
2009-10-31,3145.4353194393607,779.7893214504961,0.0,0.0
2009-11-30,3653.7227157657603,791.1160600872961,0.0,0.0
2009-12-31,5454.957327482881,2137.9219176960005,0.0,0.0
2010-01-31,6429.623187179521,3885.6376893542406,0.0,0.0
2010-02-28,3204.9006972825605,957.6757517414401,0.0,0.0
2010-03-31,12278.184682291201,6697.783724405761,0.0,0.0
2010-04-30,6505.795504512001,2005.3990756454402,0.0,0.0
2010-05-31,2716.7182620364806,1912.9445715225604,0.0,0.0
2010-06-30,2071.6604966707205,1122.508115753472,0.0,0.0
2010-07-31,1492.8641523302404,474.70361626828804,0.0,0.0
2010-08-31,1963.7733111552004,440.4402318919681,0.0,0.0
2010-09-30,1348.4482347110402,247.23438759475204,0.0,0.0
2010-10-31,7749.471406832641,2708.4780596782084,0.0,0.0
2010-11-30,3604.7345711616003,1732.0282386462723,0.0,0.0
2010-12-31,6825.209534069761,4029.2041015756804,0.0,0.0
2011-01-31,2370.6863966822402,835.0638059980802,0.0,0.0
2011-02-28,2784.6786938572805,2105.92388104704,0.0,0.0
2011-03-31,17921.44903961088,12987.521689420802,0.0,0.0
2011-04-30,12898.040454190083,11787.736899317762,0.0,0.0
2011-05-31,10836.574022292481,7912.859611668481,0.0,0.0
2011-06-30,5890.753596533761,1686.5513830195202,0.0,0.0
2011-07-31,4760.345080581121,362.82375538329603,0.0,0.0
2011-08-31,8141.942900597761,319.0459105520641,0.0,0.0
2011-09-30,18550.932539351044,3458.7895438264327,0.0,0.0
2011-10-31,8085.309207413761,5093.068028037121,0.0,0.0
2011-11-30,5540.474204190721,2824.0391106201605,0.0,0.0
2011-12-31,9031.37505205248,3812.580225146881,0.0,0.0
2012-01-31,5625.424743966721,3796.1564541235207,0.0,0.0
2012-02-29,3513.2711566694406,1932.6247799040002,0.0,0.0
2012-03-31,3589.7266424678405,2915.2193566464002,0.0,0.0
2012-04-30,2394.7557162854405,1872.1683124300803,0.0,0.0
2012-05-31,6446.046958202881,1861.1813759523843,0.0,0.0
2012-06-30,2677.07467680768,752.3786139494401,0.0,0.0
2012-07-31,1718.8325881344003,253.26587591884805,0.0,0.0
2012-08-31,1520.6146619904002,275.01321410150405,0.0,0.0
2012-09-30,2653.2885256704003,345.32394418944006,0.0,0.0
2012-10-31,4288.303247892481,1021.7284587325441,0.0,0.0
2012-11-30,3376.2176191641606,1183.1344843069442,0.0,0.0
2012-12-31,5542.173214986241,3269.293206432769,0.0,0.0
2013-01-31,4211.564593628161,4024.9565745868804,0.0,0.0
2013-02-28,3867.5149075353606,2735.1242123212805,0.0,0.0
2013-03-31,4552.216258129921,2951.7480887500806,0.0,0.0
2013-04-30,3872.6119399219206,3971.4377345280004,0.0,0.0
2013-05-31,3150.8155202918406,1255.0875914972162,0.0,0.0
2013-06-30,8209.336995486721,1013.9979596129282,0.0,0.0
2013-07-31,4054.9724319744005,1329.61753172736,0.0,0.0
2013-08-31,2581.3637353267204,754.7572290631681,0.0,0.0
2013-09-30,2134.5238961049604,369.19504586649606,0.0,0.0
2013-10-31,1480.1215713638403,470.3145050465281,0.0,0.0
2013-11-30,2076.4743605913604,907.1584974213122,0.0,0.0
2013-12-31,4330.49534931456,2733.4252015257603,0.0,0.0
2014-01-31,6915.540274698241,2442.8943554918405,0.0,0.0
2014-02-28,2355.9616364544004,1095.29562617856,0.0,0.0
2014-03-31,4152.6655527168,3772.426936679424,0.0,0.0
2014-04-30,8942.460153753602,5878.860520965121,0.0,0.0
2014-05-31,7827.342734960641,5013.214520647681,0.0,0.0
2014-06-30,4052.9902527129607,2253.9360381834244,0.0,0.0
2014-07-31,4584.214294778881,803.4055715082242,0.0,0.0
2014-08-31,1809.4464972288004,734.5106837498881,0.0,0.0
2014-09-30,1430.5670898278402,287.52926029516806,0.0,0.0
2014-10-31,1816.8088773427203,329.72136171724804,0.0,0.0
2014-11-30,1624.8206574489602,441.4030046760961,0.0,0.0
2014-12-31,4028.9209331097604,1296.8549402204162,0.0,0.0
2015-01-31,2557.8607526553606,738.6732601989121,0.0,0.0
2015-02-28,1177.6976497612802,399.55070541312006,0.0,0.0
2015-03-31,2601.6385974865925,2910.1223242598403,0.0,0.0
2015-04-30,9936.3814691328,6664.369845427201,0.0,0.0
2015-05-31,1933.4742853017603,1110.4168222586882,0.0,0.0
2015-06-30,3661.0850958796805,2168.3058940892165,0.0,0.0
2015-07-31,5097.598723491841,1886.8930726579204,0.0,0.0
2015-08-31,1799.2524324556803,417.50358615244807,0.0,0.0
2015-09-30,1266.6125480601602,388.42218470246405,0.0,0.0
2015-10-31,1916.2010088806403,1162.3499189084162,0.0,0.0
2015-11-30,3199.2373279641606,1641.1594779325442,0.0,0.0
2015-12-31,3939.1565294131206,2634.8825753856004,0.0,0.0
2016-01-31,4431.303323182081,3019.1421836390405,0.0,0.0
2016-02-29,5971.4566093209605,4463.01819136512,0.0,0.0
2016-03-31,4137.657624023041,2876.9916137472005,0.0,0.0
2016-04-30,3114.2867881881607,2554.1795625984005,0.0,0.0
2016-05-31,3986.7288316876807,1905.2990229427203,0.0,0.0
2016-06-30,1993.2228316108803,470.51272297267207,0.0,0.0
2016-07-31,1997.1871901337604,192.15812097331204,0.0,0.0
2016-08-31,2544.8350032230405,233.24586537830405,0.0,0.0
2016-09-30,1560.5414156851202,191.19534818918405,0.0,0.0
2016-10-31,1569.3196381286402,1514.4699062799361,0.0,0.0
2016-11-30,1588.5750938112003,944.7915865420802,0.0,0.0
2016-12-31,3306.5581765478405,2240.1457338931205,0.0,0.0
2017-01-31,5061.636328320001,4735.143087114241,0.0,0.0
2017-02-28,5135.2601294592005,4657.554927452161,0.0,0.0
2017-03-31,6867.118467025921,3500.8117441689606,0.0,0.0
2017-04-30,12054.481594214401,6784.999611909121,0.0,0.0
2017-05-31,6567.243061616641,4537.208329436161,0.0,0.0
2017-06-30,4594.12519108608,1317.5262382325761,0.0,0.0
2017-07-31,2784.1123569254405,886.2606646364161,0.0,0.0
2017-08-31,2375.21709213696,454.57033834137604,0.0,0.0
2017-09-30,1659.3672102912003,300.69659396044807,0.0,0.0
2017-10-31,2042.2109762150403,959.9127826222082,0.0,0.0
2017-11-30,2193.1397685504003,2014.0357138560003,0.0,0.0
2017-12-31,1656.5355256320004,689.0621449697281,0.0,0.0
2018-01-31,4792.626285696001,2907.4322238336003,0.0,0.0
2018-02-28,7478.196016481281,3625.2642849408007,0.0,0.0
2018-03-31,6394.227128939521,3856.7545058304004,0.0,0.0
2018-04-30,8268.519204864002,4669.164834554881,0.0,0.0
2018-05-31,7174.356252549121,2938.7223393177605,0.0,0.0
2018-06-30,2185.77738843648,738.3617748864001,0.0,0.0
2018-07-31,3053.6887364812806,2999.6318763371523,0.0,0.0
2018-08-31,9162.765220239362,3543.0038455910403,0.0,0.0
2018-09-30,8062.372561674241,6123.008372281345,0.0,0.0
2018-10-31,8255.49345543168,4683.88959478272,0.0,0.0
2018-11-30,12933.436512430082,5828.456534031361,0.0,0.0
2018-12-31,10184.720213744642,6048.761600517121,0.0,0.0
2019-01-31,9116.042423362562,3285.6037100697604,0.0,0.0
2019-02-28,6993.694771292161,3655.4217265612806,0.0,0.0
2019-03-31,5431.454344811521,3475.0434137702405,0.0,0.0
2019-04-30,11443.404044759041,4706.543072056321,0.0,0.0
2019-05-31,9358.151461724161,3969.4555552665606,0.0,0.0
2019-06-30,5801.838698234881,2703.9756810700806,0.0,0.0
2019-07-31,2584.4785884518406,1054.9158029383682,0.0,0.0
2019-08-31,1900.0604063232004,875.3586786984961,0.0,0.0
2019-09-30,1309.9373233459203,653.8926215024641,0.0,0.0
2019-10-31,2242.2411805409283,1285.4715678904322,0.0,0.0
2019-11-30,3960.3941643571206,2255.1536625868803,0.0,0.0
2019-12-31,4807.634214389761,3427.7542799616003,0.0,0.0
2020-01-31,5145.737362698241,2961.6589850572805,0.0,0.0
2020-02-29,5723.9673701068805,3561.6929643417607,0.0,0.0
2020-03-31,5463.16921299456,4667.182655293441,0.0,0.0
2020-04-30,6877.029363333121,3789.3604109414405,0.0,0.0
2020-05-31,7181.152295731201,4716.45396836352,0.0,0.0
2020-06-30,2830.2688168704003,664.0017357358081,0.0,0.0
2020-07-31,2579.6647245312006,349.14671847936006,0.0,0.0
2020-08-31,4034.8674708940807,214.38684554803203,0.0,0.0
2020-09-30,1614.3434242099202,150.16423747737602,0.0,0.0
2020-10-31,1592.5394523340804,214.92486563328004,0.0,0.0
2020-11-30,2417.9755304908804,454.3154867220481,0.0,0.0
2020-12-31,7068.168077829121,3101.82737568768,0.0,0.0
2021-01-31,3985.596157824001,1864.9475165491203,0.0,0.0
2021-02-28,2108.1892287744004,710.1015619875841,0.0,0.0
2021-03-31,6847.579842877441,4489.352858695681,0.0,0.0
2021-04-30,4421.675595340801,3002.1520756838404,0.0,0.0
2021-05-31,6703.163925258241,4014.1961728819206,0.0,0.0
2021-06-30,2901.3441018163203,1047.4401554380802,0.0,0.0
2021-07-31,7536.811888926721,4092.3223526292486,0.0,0.0
2021-08-31,4387.41221096448,3933.6913780208647,0.0,0.0
2021-09-30,9764.498210319362,2354.2059919656963,0.0,0.0
2021-10-31,9482.745586728961,6185.248801090561,0.0,0.0
2021-11-30,7714.075348592642,4122.36652686336,0.0,0.0
2021-12-31,4569.48953455104,2659.2350634547206,0.0,0.0
2022-01-31,3397.4552541081607,1740.9197284761603,0.0,0.0
2022-02-28,4660.386612111361,4724.665853875201,0.0,0.0
2022-03-31,7197.859235220481,7039.851231237121,0.0,0.0
2022-04-30,14581.760152550403,3034.9996177305607,0.0,0.0
2022-05-31,4053.5565896448006,1298.6389015557122,0.0,0.0
2022-06-30,4108.208103567361,633.1930066437121,0.0,0.0
2022-07-31,2001.1515486566402,264.649248248832,0.0,0.0
2022-08-31,1226.4026258995202,218.46447145728004,0.0,0.0
2022-09-30,3005.2669288089605,564.8078221240321,0.0,0.0
2022-10-31,2139.9040969574403,335.83780058112006,0.0,0.0
2022-11-30,2864.2490327808005,1185.5130994206722,0.0,0.0
2022-12-31,5866.401108464641,1799.6205514613762,0.0,0.0
